蜜待鼯怎么养，让小蜜亲人的八连击。新手看,蜜待鼯怎么养如何让小蜜快速上手，小编有妙招！！  相信每一位玩家在领养蜜袋鼯前，都憧憬着自己家的蜜袋鼯也像其他玩家的小蜜一样，可以在主人身上寸步不离，在远处一伸手就飞到主人身边呢？  蜜待鼯怎么养？对于新玩家来说，首先要明确，并不是接收越小的蜜袋鼯就越亲人，这只是某些人为了一己私欲的说法！过小的蜜袋鼯，由于提前就要断掉母乳，所以会营养跟不上，没有经验的新手玩家容易导致小蜜挑食，挑食会影响小蜜的性格。因此，接收出袋两个月的小蜜最佳，不用担心小蜜会不亲人，成年的蜜袋鼯一样可以很亲人，重点在于主人花的心思。 在小蜜来到身边之前，准备好洗干净又贴身睡过的袜子若干，如果已经接到小蜜了，现在睡也不晚~将袜子放在笼子中挂起，如果温度较低，可以将袜子放在准备好的睡袋中，让小蜜初步熟悉主人的气味。  怎样让小蜜亲人在晚上，小蜜比较活跃，或者刚来害怕时，小蜜都会尝试探知袜子的气味，小蜜累了会自然的爬到睡袋中或袜子中休息，但为了保证安全，小蜜会在睡袋或袜子上留点气味，所以刚开始要勤换，时刻让小蜜闻到的是主人的味道。 在小蜜知道有主人的存在后，每次给小蜜喂食尽量用手指喂食，用手指沾些食物给小蜜；或在睡袋中放上一些小蜜能吃的食物，避免小蜜嘎嘎。(具体食物按照蜜袋鼯年龄所能吃的不同食材而定）  在白天，如何让小蜜亲人，蜜袋鼯睡觉的时候会容易放松警惕，是对玩家最有利的时机，轻轻将袜子或睡袋拿出，握在手里，如果小蜜被惊醒，不要怕，用袜子或睡袋捂住小蜜，让小蜜在其中的空隙减小，一段时间会帮助蜜袋鼯平静下来，并且让小蜜知道，反抗是没用的。熟睡的蜜袋鼯身边充斥主人的味道，会让蜜袋鼯下意识里认为这个味道是很安全的，可以让蜜袋鼯养成依赖性。  当握着袜子或睡袋小蜜不会太反感时主人就要得寸进尺了，在小蜜熟睡时，慢慢将手伸进去，如果小蜜没有反应，就要一点点从小蜜背后把手放进去，这个过程可能需要一点点尝试才能成功。 在蜜袋鼯熟悉了笼子的环境后，主人可以将手慢慢放在笼子门口靠里位置，如果蜜袋鼯嘎嘎或有攻击态势，不要害怕，手不要动，也许小蜜会上来咬几下，如果是出袋两个月左右的不会咬破的，请放心~但小蜜发现咬不起作用，就会慢慢试探性接触，嗅一嗅。当小蜜不再害怕时就可以动一动和小蜜互动了！  当小蜜熟悉主人的存在，有些许依赖性时，将熟睡的小蜜从睡袋中拿出，将睡袋收起来，将蜜袋鼯放在衣服里，开始小蜜会慌张，也许会轻咬几下，一定要忍住，小蜜会自己找主人衣服里的一个可以稳稳待着的地方睡觉。几次之后，可以将小蜜贴肉放在身上，抛弃外出袋等用品了，将小蜜放在袖子、胸口、肩膀等地方，当小蜜不再害怕时，就会对主人有很强的依赖性了。  主人一定不要着急，每只蜜的性格不同，所生长的环境也不同，存在差别很正常的，只要加以时日，小蜜一定会对主人亲近的，大家一起努力吧~
小猫横穿马路钻进车底 民警趴地温柔“谈判”,
兔子吃的苜蓿草和提摩西草还有花语?,兔主人都在纠结兔宝宝今天是吃苜蓿草还是提摩西草，但你可能不知道，苜蓿草和提摩西草需要还有花语？你们不是草吗？怎么会有的花语？  不是骗你们，我一搜，发现居然真的有。  提木西草的花语是计划。 凡是受到这种花祝福而生的人，对于自己的生活总是有周全的规划，并且为自己定下目标，然后朝着理想努力奋斗，属脚踏实地型。感情方面，也许会以相亲的方式找到终生伴侣。  对兔宝宝简单的解读：我脚踏实地的吃，每天吃胖，铲屎官别忘了给我找一个伴侣哟。  而苜蓿草的花语是幸福。但你并不知道，四叶草其实就是说的苜蓿草哟~  传说中的四叶草是夏娃从天国伊甸园带到大地上，学名苜蓿草，是多年生草本植物。一般只有三片小叶子，叶形呈心形状，叶心较深色的部分亦是心形。 One leaf for fame，（一叶带来荣誉） One leaf for wealth，（一叶带来财富） One for a faithfully lover，（一叶带来爱情） One for glorious health，（一叶带来健康） All in this four-leafed clover.（四叶草啊！你拥有了这四种能力.） 喃喃念完上述四叶草的颂曲后，用右手的两只手指握着四叶草，慢慢的转动四叶草，许下你的愿望。  想到兔兔吃了我那么多苜蓿草，我是不是可以对着兔兔神明许愿啦？ （兔社会：有什么愿望就跟我说吧，我一定满足你）  想了解更多关于兔兔资讯，请关注短尾星球订阅号，还有短尾星球微薄哟，你身边专业的养兔人。
主人目睹守宫尬舞拍下照片，外国PS大神纷纷恶搞完全无违和感啊！,前几天，日本一名网友回家后，发现自家养的宠物守宫（壁虎的一种）状态不对。它不像平时一样乖乖趴着，而是后腿站立，前爪伸开，摆好姿势就像在跳舞。主人忍不住发笑，拍摄下来分享，网友们都笑喷了~  才华横溢的网友们开始PS修图，帅气的守宫是最好的素材~ 银河护卫队！  和史迪奇一起跳舞！  灯光、音乐，全都准备好，一代舞王出现了。  保持这个姿势其实有点累，但为了帅气，只能拼了！  不好意思，本守宫就是这么帅。  网友们太有才华了。  穿越进入漫画中，毫无违和感。   halokitPET 看电视不如尬舞！  台下的朋友们，让我看到你们的双手。  一代巨星守宫登场！  跳得很陶醉嘛～
做一个有态度的表情包！,“做一只有态度的猪” 不如...我们生个足球队吧~  .......................................................................................................................................................................................................... 今天全是可爱的猪猪表情包！ 我们发誓要做精致的猪猪女孩！  ...............................................................................................................  ...........................................................................................  ...........................................................................................  ...........................................................................................  ...........................................................................................  ...........................................................................................  ...........................................................................................  ...........................................................................................  ...........................................................................................  ...........................................................................................  ...........................................................................................  ...........................................................................................  ...........................................................................................  ...........................................................................................
它是世界最小的驴，长得像小羊羔，喜欢做“看门狗”,看，这是什么？也许你会说，一只小羊羔吧？没错，看起来真的很像小羊羔，可是，它却不是小羊羔，而是一头驴。什么，这是一头驴？虽说驴不能说驴高马大，可是，驴也有驴的高度好吗？但是，我要告诉你，这是世界上最小的驴子，它叫奥蒂（Ottie）只有19英寸（约合48厘米），而且，常被人看做是羊羔。而且，它还是一只“看门狗”。  的确，它有着世界最矮的身高――它比目前世界最小驴的吉尼斯世界纪录保持者还要矮6英寸（约为15公分）。可是，世界最矮驴的官方头衔依然不在它的头上。原因无他，因为目前它还没有成年，它只有9个月大。（图为它与拥有正常身高的同类的对比，它也是小侏儒一个）  它的主人是英国剑桥郡萨特里特（Sawtry）的48岁的老板谢里尔・格里菲思（CherylGriffiths）。对于这头小驴，她说，“奥蒂非常可爱，是一只宠物。我的妈妈来看过后，想要把它带走。我觉得，它就像一条看门狗，如果有人在家门口走动，它就会叫。”  格里菲思女士介绍说：“我对它做了大量的研究。驴子的第一年，会长到身高的90％。但是我知道它不会再长了，如今它比吉尼斯世界纪录保持者矮6英寸。”现如今世界最小驴子的吉尼斯世界纪录是25.29英寸高（约合64公分），这是2011年7月26日，美国佛罗里达州的最佳朋友农场（BestFriendsFarm）的10岁驴子KneeHi所创造的。  奥蒂如今有12匹小马作伴，可是，它的主人格里菲思女士却希望给它找到“女朋友”。她说：“我希望能为奥蒂找到女朋友，这样它就不会孤单。但是它现在还太小，这得等到它三岁才能做那些事。我也希望与身高刚刚超过一米的演员沃里克・戴维斯（WarwickDavies）取得联系。我知道他住在附近，我觉得他愿意见到奥蒂。”（图为格里菲思女士与奥蒂在一起）  格里菲思女士对迷你宠物的喜爱，开始于他的背部受伤，打那之后她不能再骑马了。她说：“用迷你宠物也可做同样的事情，但我不会骑它们。这太棒了，它们也可以表演盛装舞步。”（图为进入房间后的奥蒂，它是真的很小）  一旦小奥蒂长大了，它的主人就会带它参加比赛，参加节目以及宠物表演。格里菲思女士补充说：“奥蒂将会以敏捷著称，它动作很好，不过它需要训练。我也想带它去看电影和宠物表演，这样人们就可以来看到它了。”
网恋吗？我肤白貌美大长腿....,“做一只有态度的猪” 网恋吗？我唇红齿白大眼睛~   这几天， 各地方都管理的比较严格， 一妹子捧着一杯奶茶过安检， 安检人员指着奶茶对妹子说：  妹子：  然后――  安检员：  妹子：  ？？？ 其实？和1可以说是非常常用了， 一般回复？   回复？？   回复？？？   回复？？？？？？   回复1   回复11   回复111   回复111111， 这个可就厉害了~     最后， 献给大家一些可爱的壁纸~          妖子爱你们哟~
玩家蜜待鼯跟商家蜜待鼯的区别，商家蜜待鼯介绍。,首先先说蜜待鼯国内市场供应不过来，大部分都是商家蜜，如果说你要买玩家蜜去商家那里叭叭叭，不亲人怎么怎么样的，哈哈哈，请滚，滚一边洗脑去！！先说商家蜜。  商家蜜就是商家卖的蜜，商家卖的蜜也是养殖的，不是野生抓的，且市场上卖的蜜待鼯大部分都是两个月以下的小蜜，当然也有不良商家卖大的的，但是不能全咬死，现在听见商蜜就感觉刺耳，扎心，好像卖蜜待鼯就是在涂炭生灵一样。。先说蜜待鼯到家为什么有的不亲人。1.大量做繁殖的蜜待鼯厂家没有时间去挨着每天抓，然后快递到家，新环境新主人害怕正常。玩家蜜快递两天到新家也会害怕。这是正常现象。说养了好久了就是不上手，只能说新主人太怂，都不敢抓他，他叫一下你能吓掉魂，你比他还害怕。怎么上手！！根据观察从商家手里带走的小蜜基本上都是可以上手，方法是一样的，小蜜也是一样的所以说不上手自己找原因。瞎巴巴给人洗脑你要拯救社会啊，给点建议的了，巴巴起来没完，亲身感受过这样的傻吊。。   生活环境食物也不比玩家差。卖也是个人爱好，很多也是从玩家变成商家。以上呢就是让大家更加了解下商家蜜，不要歧视商家蜜，多多支持商家蜜，购买商家蜜。哈哈哈哈，也有人会从商家那里进货过来当做玩家蜜卖，卖高价。滋~很多，白花冤枉钱。 商家蜜也能上手，哈哈哈哈。  再说玩家蜜待鼯，都是优点，没有不好。就俩字 完美 跑飞。就贵点。。简单说下吧。 玩家养蜜袋鼯出自内心的喜爱，所以对待蜜袋鼯的方式会特别有爱心，使蜜袋鼯有更多的安全感，不会暴力对待蜜袋鼯；玩家蜜袋鼯安全感较强，所以性格会更好一些，因为蜜袋鼯从小没有受过惊吓，饲养环境多数在父母身边，玩家不会因为着急买卖而提前让幼蜜离开父母，因此更好上手。  以上介绍了，玩家蜜待鼯跟商家蜜待鼯的区别。记得点赞！！
日本大眼飞鼠如何饲养，大眼睛的滑翔专家。,最近是不是经常看到这样一个小萌物，眼睛大的好像是要爆出来，活动起来绷紧皮翼，小飞鼠最远的滑翔距离可以达到100米远。很多人也当做了家庭中饲养的宠物。下面来介绍下大眼飞鼠的饲养  日本大眼飞鼠是松鼠科的动物，常在树上攀爬，或在树枝间滑翔。分布于欧亚大陆的温带至寒温带的针叶林或针阔混交林。日本小鼯鼠属于杂食性的动物，喜食植物。作为宠物饲养可以考虑喂食一些水果以及松鼠饲料。偶尔也要喂食一些动物性的食物。 大眼飞鼠的繁殖 日本小鼯鼠的繁殖技术要点在引进动物时，必须挑选体质健壮的作为繁殖用，雌雄比例可按3～4：1。把体弱的单独挑出，尤其体弱的雄性，可能会受其它雄性的攻击。在繁殖期可给些动物性食物，如熟鸡蛋、面包等，看它们是否喜欢。  小飞鼠利用长而多毛的尾巴作为控制滑翔的方向。以松子、浆果、嫩芽为食，偶尔吃鸟蛋和雏鸟，秋末有储存食物过冬的习性。它们不冬眠，但在冬天有时会连续睡上几天。  家庭饲养的大眼飞鼠一定要准备较大的活动空间，大眼飞鼠性子急，狭小的空间，过度的抚摸，错误的饮食都会引起小飞鼠的暴毙。
雪地松鼠幼崽多少钱一只，雪地松鼠幼崽饲养方法。,这个来自天生脚下的精灵身价不菲，下面来介绍下雪地松鼠幼崽的价格，往年雪地松鼠多少钱一只以及饲养雪地松鼠应该注意的事项方法。  首先介绍下雪地松鼠幼崽的价格，大家对雪地的价格有些模糊，因为幼崽跟大鼠的价格差距很大。根据往年雪地幼崽的卖价头窝价格在两千左右，二窝幼崽的价格在一千五左右。这里说的是大部分商家，不代表全部，也有卖一千二三的，遇到了就是捡个便宜，网上购买，别被骗了就行。两千左右的鼠就是市场价，有很多傻逼玩意不懂装懂，什么三四百块钱就能拿到的篮子，纯属装逼，你他娘的到是买啊。键盘侠瞎叭叭。  雪地松鼠四肢全年橘红色，耳毛橘红色。雪地松鼠，一年换毛两季。成年体型长25cm左右，尾长可以贴背到颈部，有些可以达头部。雪地松鼠的作息时间：天明而起，天黑而息。早晚觅食货源，中午基本上在树上隐蔽处休息。每年繁殖最多2胎，每窝4～6只。雪地松鼠夏季毛色橘红或者橘黄色，全身有少量的灰白毛色。夏季耳毛可能没有或者稀疏。冬季灰白色全身，四肢跟耳朵是橘红色，特别浓密 耳毛有的可以长达10cm，每年9-10月份以后开始长耳毛。南方地区可能会延迟，一般低于10度会换毛。  下面介绍下雪地松鼠饲养方法。 45天以下：羊奶粉（婴儿1阶段）或者原味的酸奶，不推荐安慕希啊莫斯利安啊这种保质期很长的，推荐那种八连杯，买好了放冰箱里，每天开一杯，喂之前温一下，和人的体温差不多再喂，喂凉的会拉肚子的。 45天到60天：可以在奶里再多加一点点的坚果沫，虽说多加点，也只是适当多一点点而已。在松鼠宝宝要接近60天的时候，你就可以每天给它一颗瓜子让它试着剥了。 60天以上：差不多会自己进食，吃的是瓜子，松子，核桃，巴达木，榛子等等。坚果都要是生的，（切记：板栗、花生、杏仁、玉米少喂！）、  雪地松鼠从外到内都可以看到其经济价值，它的毛可以制笔、制刷，肉还可以食用，皮可以制裘原料。最重要的是雪地松鼠长的非常清秀，性格比较温顺乖巧，很多人愿意饲养它为宠物。
这只荷兰猪有点彪,（猪眼看世界第1期） 各位宠迷，乃们好！这段时间，小豚准备进修深造去了。所以呐，这段时间的延续平台内容的这杆大旗，就由我来扛起。力不从心之处，还望海涵。  话说，今天一大早就被翠花娇滴滴的叱叫声吵醒，睁着惺忪的睡眼，没有理会。最近翠花被我惯坏了，特别喜欢闹腾。过了一会，她仍旧再叫，我突然清醒过来，飞跃起身去看看到底怎么了。  以往都是小豚管理他们的生活起居，这不小豚自己作，要去“改造”嘛。没有闲暇时间顾及他们，这个重担就悄悄落在我小贝的肩上了。  我平时只是喜欢看看猪猪呆萌的样子，偶尔用美食犒劳犒劳他们，其他的都是一片空白。对于突如其来的重担，我和广大新手猪油一样，需要慢慢学习和摸索。我走进翠花的猪笼，她更是满含热泪，叫的更起劲了。仔细检查一遍，原来她水壶里没水了，待我给她填满水后，周围便突然安静了，只听见她急急匆匆喝水的声音。我才想起也该给老大、老二加点水了吧。再看看旁边的老大和老二，特别的安静，很少听到他们的叫声，我不是很细心的人，若不是翠花的闹腾，可能我都忘了他们。  平时回家都会听到翠花喜悦的呼唤声，再看看她旁边的两位“绅士”，特别淡定，宠辱不惊。看到他们天天吃猪粮，每每有空都会带一些他们可以吃的蔬菜，有时往往带回来就忘了给他们，翠花的叫声就提醒我该给他们美食了，从而导致现在只要听到切菜和塑料袋的声音，翠花就急切的叫个不停。  每次给他们几个分享美食时，老大和老二才会体现出他们的积极性，我就会说你俩是沾了翠花的光，若不是翠花爱叫，我哪会想起你们。  好了，今天就絮叨到这里。小豚的回归还需要很长一段时间，小贝的经验不足，以后会和大家分享很多身边趣事，希望大家多多支持，多多鼓励。   关注同名公号，了解更多精彩内容哦~
那些年为荷兰猪崩溃的瞬间,（猪眼看世界第3期） 小贝我平日里爱看剧，但不怎么追剧。主要还是追剧更新太慢，根本不够看。那种让人欲罢不能，百爪挠心，直吊人胃口的感觉实在不好受。  最近朋友圈被《我的前半生》各种影评文章刷屏，忍不住点开最新一集看看，结果就一发而不可收拾了，从此也就成了这部剧的迷妹，深深的被子君的成长所吸引。  忍受着等待更新的煎熬，查找各种资源就想多了解一些，她下一集怎么样了？当看到子君面临离婚时的那种崩溃，不禁让我想起和猪猪那次重逢时的崩溃情景。  小豚刚开始养猪的时候，没有魔片围栏。平时大部分时间猪猪都是被小豚关在笼子里，有空的时候才让他们在屋里自由活动。  然鹅，那一年……  记得当时是过年长假要回我家，山高路远，猪猪是没条件带回家了。思考再三，小豚在网上买了几个大食盒和大水壶，以提供他们三个在长假期间足够的食物和水。由于猪笼比较小，小豚干脆就把笼门都打开，把食盒和水安装在屋里，分好几个地方放置，这才安心踏上回家的路。  结束了漫长的假期，回来的路上，我是一路的不安，不知道那几个货把家里糟蹋成啥样了？！看看小豚，他也是一脸的不安，我安慰他说，“别操心，三个小猪还闹翻不了天。” 小豚一脸凝重的说，“谁操心那个，我是担心他们吃的够不，别给饿死了！”  好吧，你又赢了。但经小豚这么一说，我也是开始担忧起来。两人迫不及待的回到出租屋。 虽然在开门前我就已经设想了成百上千种惨烈的画面，但当小豚打开门的那一刻，我还是被震惊到了。  屋里简直就是狼藉一片，满地都是屎黄金，就连灯光也是那种屎黄色，空气中充斥着让人窒息的腥臊恶臭，一进屋连下脚的地儿都没有。  就在心中的怒气飚增爆棚之际，小豚倒是大叫了起来，“我的猪啦，猪咋不见了……” 我一回神，扫视了一下房间，除了满地的脏乱确实没有半个猪影子。到这时，我也就没发脾气的心情了，帮小豚到处翻找猪猪。床上，床下，各个犄角旮旯都找遍了，还是没找到。  小豚歇了歇说，“都累了，先别找了，说不定是藏哪儿了，先收拾一下屋子再说吧。” 虽说屋子里很脏，但收拾起来倒也轻松，毕竟猪猪的屎是干粒状的。屋子收拾差不多了，我把床单被罩拆下来，准备换上干净的。 一打开布衣柜，眼前的场景只叫人心塞，扎心还崩溃。这几个货竟然躲在了这里，只见布衣柜的下层铺满厚厚的一层屎尿混合物，里面的衣物也都散发着不可言说的味道。  我弯腰再打开装衣服的纸袋，这几货竟然欢天喜地的从里面溜了出来，一个个活蹦乱跳的劲，让人看着气不打一处来。再看看那倒霉的布衣柜，里面有的衣服真的是没法穿了，包包被它们啃得面目全非。看来在猪猪眼里布衣柜的小名就叫猪窝。  小豚见到他猪宝不光没事还活的这么滋润，自然是喜上眉梢。而那时我恨不得当场架起油锅连人带猪炸个外焦里嫩，连皮带骨一起嚼。但我就是我，不一样大度，姐就这么忍过去……  就因为这一忍，接下来我洗洗涮涮了一星期才算把家里收拾干净。 事后想想这事还真是怨不得任何人，猪猪没法带回家只能留守，留守就得保证足够的饮食，这势必导致猪猪到处乱跑乱拉。而且猪猪天生喜欢往暗处藏，布衣柜理所当然的成为了他们的理想猪窝。 不知道你有没有为猪猪又气又无奈的时候，留言说说吧。    关注同名公号，了解更多精彩内容哦~
为了见女神，这只荷兰猪也是拼了,（猪眼看世界第6期） 前几天好姐妹发来一张鼠鼠骑机车的图片，说让我赶紧给家里二胖也买一辆同款机车。哈哈，是下面这张啦！好帅，有没有？  一想到二胖，这货要是真给他买一辆，把他放到车上，可能直接就吓瘫了吧。  因为平时根本没时间训练他们，所以我们之间只是美食供给关系。每次给他们喂蔬菜时，如果他们在笼子外面绝对会第一时间跑回笼子里，再把脑袋从笼子顶探出头来问你要吃的（平时为了方便观察，小豚把笼子顶都给掀起来了）。在他们心里笼子才是最有安全感的归宿……作为任职两年铲屎官的我表示内心很受伤，我竟然还没个笼子有魅力。  这几天下班回来，发现了一件神奇的事情。二胖竟然神奇的跑到翠花的笼子里了，还霸占了翠花的小木屋，直接把人家公举逼到食盒边躺着。看到我们回来了，翠花就开始幽怨的诉苦，显然她对这个不知怜香惜玉的二愣子很是不满。  可是两个笼子的门明明没有打开呀，况且他们中间还隔个装草的笼子，二胖是咋过去的？  再看看二胖躺在小木屋那一副悠然自得的样子，仿佛屁股生根没有一点点要离开的意思。往日高高在上的翠花女王，面对现在这个无赖的二胖也胆怯起来，只得给他腾地，离他远远的。  我直接把这个入侵者从木屋里给拽出来，丢回他自己的窝里，好好地训斥了一番。我进屋换衣服时，外面就传来翠花不安的求救声。等我出来的时候，二胖这货竟然又进了人家的笼子。我二话没说，上去就一把又给拽回了他自己的窝，真是个不解风情，厚脸皮的家伙。人家明明不愿意，你还一次次的往上凑，试问有意思吗？鄙视！  可就在我转身的一瞬间，那货竟然出现在草笼子上，看那架势马上要往翠花的笼子里跳了。说是迟那时快，我两步上去，死拉硬拽僵持了好一会儿才把二胖给拎回去。  这时我才想明白二胖子是怎么越狱到翠花笼子里的。这货是先从自己笼子跳到装草的笼子上，再从草笼跳入翠花的笼子。你这是翅膀硬了，牛上天了！平时一副抱起来就吓的石化的样子，现在翻墙越狱这么高风险，高难度倒是不怕了。套路挺深，心机很重呀！  不过这笼盖掀开不是一天两天了，从来没见过他越狱。平时一点点高的地方他都懒得动，也不敢动。可能是上次因为他不愿吃东西，把他放出来和翠花见了一面之后，这家伙就有了一颗追求诗和远方美女的心。现在竟然趁我们不在家越狱去找女神。可是你去了女神笼子，不给人家卑躬屈膝反倒是占了人家的窝。一看就是没得到女神认可后的报复心里，情商堪忧啊！  自从二胖一跳成功之后，现在是越狱成瘾了。每次我喂完东西，不一会儿人家就跳出来了去和女神共进美餐。  这段时间竟成了我和二胖斗智斗勇的日常，为了见女神二胖子也真是拼了。爱情真是一个好神奇的东西，连这个平时忻壤撩鹊亩胖，也会为了翠花变得这么勇敢。  每次把二胖拽回来的时候，我就在想，此时的二胖心里得有多恨我呀。感觉我现在成了破坏一段旷世绝恋的第三者，可是我又有什么办法呢？为了他们的健康成长，我甘愿让你们恨我吧！    关注同名公号，了解更多精彩内容哦~
魔王松鼠几月份有幼崽，魔王松鼠幼崽多少钱一只。,又迎来了新得新年，首先祝大家新年快乐。马上又到了养松鼠的季节。很多人也在咨询什么时候有幼崽，大约价位是多少。下面给大家说下每年松鼠的价格变化。  每年松鼠幼崽的在四月份到八月中。六月分之前的是头窝带着耳毛，六月分之后二窝没有耳毛。魔王松鼠幼崽的价格一般在二百左右。有人说头窝贵，三百多四百多。这个价格应该是三月中旬到四月这段时间，数量少所以价格高，四月份到六月分这个时候也是头窝，这时候魔王松鼠幼崽数量多，大量上市后，价格下滑，所以建议想买松鼠的朋友也不差这一时半会，多等十天少花一半的钱，当然如果你非得买，也不拦着。  魔王松鼠幼崽多少钱一只，上面说了时间，下面说下魔王松鼠幼崽颜色差异跟松鼠的价格的变化。最常见的黑色幼崽在二百一只，三色比它贵个二十块钱，极品三色几个稍高些。三百左右，极品红色价位在六百到八百之间。这个根据品相毛色自己判断可以讲讲价。  以上价格可以作为一个参考，不代表全部价格。希望买松鼠别被坑了。 下面在讲下简单魔王松鼠幼崽的饲养，具体的可以问下购买的商家。幼崽首先要保温，买幼崽不要买奶鼠，奶鼠新手基本养不活，遇到过这样的情况，就是顾客非要买小的，能上手的还不行，就得养没睁眼的，能养活也好啊，到家没养两天挂了，没经验你养个粑粑，从幼崽开始养就行了，又不是不能上手对吧。唉~  魔王松鼠幼崽饲养准备的食物一个是蛋糕，酸奶，苹果。。养一周就可以喂瓜子核桃。松鼠幼崽小时候长得特别快，两天一个样子，幼崽时期看大小看他的尾巴就行了。。磨牙棒尽量准备一些。啮齿类动物，必须磨牙。 以上介绍而来魔王松鼠幼崽的价格以及饲养。大家可以简单做个参考。
喂宠物吃这些，你就是在害死他！,现在零食已经成了我们生活中必不可少的一环，零食也能有非常不错的减压效果。  而喂宠物吃零食，更是表现出一个饲主对自家宠物的地位和对宠物的宠爱程度。 也因为如此，不少宠物吃上了消化不了的食物，导致悲剧发生也不占少数。  所以爱自己宠物的同时，也要知道他不能吃什么。 一、兔兔  敲黑板：甜食、肉类、油类、淀粉类。  1、甜食。（以巧克力为代表的零食） 兔兔对甜食不感兴趣，同时甜食也是兔兔产生蛀牙的罪魁祸首，因为不方便跟兔兔清洗牙齿，所以建议甜食这方面还是不要给兔兔吃。 2、肉类。（我毕竟是兔兔，是吃素的！） 毕竟是兔兔呀，吃素的呀。加上兔兔对肉类没什么消化和吸收能力，基本上吃进去就成了负担，所以肉类不要喂食。  3、油类。（标准剩饭剩菜） 有剩菜剩饭，可不要给兔兔吃哟，兔兔对油摄取能力非常弱，同时摄取了过多的油，会让兔兔毛发发黄，粘结在一起，滋生真菌感染。 4、淀粉类。（面包、豆类、南瓜、米饭、饼干） 兔兔虽然是可以吃淀粉类食物，但是淀粉类食物会胀气，而胀气对兔兔来说，是可以致命的，建议不要多喂淀粉类食物，如果你已经发现兔兔有点胀气，请多揉揉兔兔肚子，对胀气有一定的缓解作用。  二、猫咪  敲黑板：盐分、高蛋白质、贝类、甜食、洋葱  1、盐分。（常见食物：腌鱼、腊肉、鱿鱼丝、火腿肠） 猫咪对盐分的需求非常少，同时猫咪较差的味觉，很容易就摄入大量盐分。加上猫咪饮水上并不多，多余盐分就容易出现堆积，给肾脏增加负担。 2、高蛋白质。（常见食物：火腿肠、鸡肝及其它内脏） 高蛋白质的食物都有一个弊病，就是让猫咪出现便秘的情况，同时高蛋白质的食物猫咪也特别喜欢吃，让猫咪不在喜欢吃其它食物，从而产生恶性循环。  3、海鲜。（虾、螃蟹、生蚝等） 很多人都知道猫咪很喜欢吃鱼，所以顺理成章的以为猫喜欢吃海鲜。实际上并不是，从猫普遍怕水这个习惯就知道猫原来离水是很远的动物。所谓的喜欢海鲜，也是因为猫咪喜欢腥的食物，腥代表鲜是猫咪的主观认知。吃多就会呕吐腹泻，严重点甚至会死亡。 4、甜食。（常见食物：巧克力、玉米、糖果、饼干、西瓜） 虽然猫咪吃甜食是没有问题的，但是糖会让猫咪产生蛀牙和牙结石，如果你没有定期为猫咪洗牙的习惯，那么最好不要喂食甜食，不然猫咪得蛀牙后会非常痛苦。  5、洋葱。 在猫咪的世界中，洋葱算有剧毒的物质，一点也不夸张。洋葱会破坏猫咪血液中红血球，进而出现贫血的症状，严重会出现休克死亡。狗狗也是如此，所以不要为了一时逗猫而做出悔恨一生的事。 三、狗狗  敲黑板：巧克力、洋葱、海鲜、葡萄  1、巧克力。 巧克力在狗狗的世界中是剧毒，会造成咖啡碱中毒，致死率极高。请勿尝试。 2、洋葱。 同猫咪。  3、海鲜（虾、蟹、贝类） 同猫，不过狗狗还多一个过敏症状。 4、葡萄。 这个可能很多人都没想到，葡萄会让狗狗导致肾衰竭，特别是幼犬。不过这个看狗狗体质，也有吃葡萄不过敏的狗狗，建议不要拿自家狗狗做尝试。 四、还有什么不确定宠物能不能吃？ 关注短尾星球订阅号，你身边资深的养兔人专业帮你答疑解惑。
小豚：我去买鸭碰到一群鸡……哼，我养两猪还养成儿女啦！,（猪眼看世界第14期） 转眼十一长假已经过去一个星期了，大家假期都过得好吧？十一假期的结束也就意味着2017年所有假期的终结，想想该是为年初定制的新年计划做最后挣扎的时候了。  今天的话题咱们从节前小豚的一次奇遇说起，说是小豚在节前的前两天下班回家的时候突然嘴馋就想买只烤鸭解解馋。我们住的这个城中村倒是有几家烤鸭店，但都比较分散，所以小豚算是下班后边散心边找烤鸭店。  现在本来白天就短，小豚这没转个啥啦天就黑了下来。时间不早了，烤鸭店还没找到，小豚就准备打道回府，顺便再穿街走巷的看看有没有烤鸭店。可走着走着就发现情况不对，周围光线昏暗，家家户户门口点着一盏瞌睡灯。而在每盏灯下影影绰绰的站着一个女人，身材高挑，穿着“简陋”。  还没等小豚反应过来，就有人上来和小豚搭话，“喂，玩吗？” “玩什么？”小豚说。 “进屋玩。” “要钱不？” “不贵，不贵。” “我媳妇就给了20元买烤鸭的，够不？!” 然后两人相望无言，一人无语凝噎，一人悄摸回家。  小豚一回来把这事给我照模照样跟我一说，我这气就不打一处来。这家伙蔫了吧唧竟然还有这胆子，要是手里钱够你还不得上天。我当场决定给小豚今后的零花钱再缩减2成，防患于未然，这种龌龊的思想必须趁早扼杀在摇篮里。  老娘我盼假期如旱苗盼春雨，毕竟有 一年多没回老家了。但有件事一直让我很揪心，那就是家里的两只小猪仔又要留守了。  虽说已经不是第一次留守了，多多少少有点经验了，可还是放心不下（唉，就是个操心的命）。  我是从放假前一周就开始念叨着猪猪留守的事儿，总是怕没我的照顾，他们饿着，冻着……完全是做着铲屎的活，操着当妈的心。  十一前夕猪猪的吃喝都安排妥当，十一一大早小豚又交代一番后，就先赶车走了。我的车是中午的，等到我快要出发前，心那叫个慌。生怕哪个疏忽就让猪主子受了委屈，我左检查右检查，前前后后好几遍。看他们的吃的够吗？水壶漏不漏水？笼子里有没有卡脚或尖头的东西。  这一忙活就到赶车的时间，看他们两个在笼子里也不闹腾，我心里更是不舍，还难免也有些愧疚。  黄金周第一天的人流密度那真不是盖的，一望无垠的茫茫人海中，内心除了崩溃还是崩溃。但总的来说，还算顺利，回到家后身上没缺啥零件。  老家在农村，家里那边的小动物自然是比较多的，经常会有流浪的小猫小狗光顾。  以往我想都不想就会把他们赶走，嫌他们脏有病菌。但这回我看到他们总会想起家里的两只小猪仔，我把他们唤到身边和他们玩。老妈看到后也就顺手的拿出家里剩的饭菜给他们吃，看着他们舔着嘴角满足的离开，我们的心里是无比的满足。  老妈说：“这些流浪狗经常饿一顿饱一顿的，所以每次来只要家里有剩菜剩饭，都会拿出来给他们吃。”我不禁在心里对老妈多了一份崇敬，女人可能真的就具备天生母性的善良吧。  曾经对小动物不感冒的我，可能真的是受了养猪猪的影响。现在看着家里养的几只鸡，都会莫名其妙的跟他们絮叨一番。即便吃饭的时候，也会倒出一小半的饭给他们吃。结果导致这段时间，只要我吃饭，这几个货就会咕咕哒的准时出现。  放假期间家里是一直下着连阴雨，温度也降了很多。老妈给我找来厚衣服穿上，我心里也是着急家里留守的两只猪猪会不会冻着，他们睡的好不好?  有时即使是停在门前树上嬉戏的喜鹊，我也会傻傻的看上好一会儿。心里在思量着，这段时间一直的阴雨天气，它们是不是都找不到吃的了。 所以每次给鸡喂食的时候，也会在地上多撒一点，鸡吃不完的时候它们就能吃一点。  在家那段时间真是感觉自己要魔怔了，看什么都能想到猪猪。明知道不会有事，可心里总是瞎操心。强迫自己不去想，可越这样是越想。感觉这是和猪猪掉入了爱河不能自拔了，我想在这段和他们朝夕相处的时间，我已经把他们当成自己的儿女了。  哈哈哈，一想到这儿我心里就一乐，谁把猪当儿女呀！但我现在变成这样肯定和那两只肥猪脱不了干系，就因为天天伺候他们，我这一解脱还有些不适应啦。  自从养了荷兰猪，真感觉自己是爱心泛滥，尤其是那些小萌宠直想捧在手心里好好呵护。宠迷们是不是也这么觉得？
领养兔兔需要注意的几点，有一条可能致命！,不少人都从各种渠道领养兔兔，而领养上跟购买不太同，兔兔换了一个新环境，需要更多的时间去适应环境。作为领养人的我们，应该注意什么呢？  一、让兔兔适应新环境 看上去是个废话，实际上门道还是不少的。 兔兔适应环境有自己的方法和节奏，基本是为了对新环境有整体的认识。哪些是宿敌，哪些是自由空间，哪些是自己的家。这些都是需要一段时间去适应的。  饲主如何做：我们需要做的非常简单，就是不管兔兔，让兔兔随心所欲，兔兔自由的探索是最快能适应环境的一种方式。 而很多饲主为了表现对兔兔爱，百般疼爱反而让兔兔没有时间考察生活环境，同时对一个陌生人的行为提高警惕，严重的会导致兔兔经常缩在角落，对新环境开始害怕，郁郁寡欢。  二、前期的准备 虽然是领养，也是需要准备基础的设备的。这点跟购买兔兔差不多，兔兔最需要的：兔笼、厕所、食盆、饮水器、脚垫、牧草（幼年苜蓿草，成年提摩西）、兔粮、木屑。（有了这些，兔兔很容易放松下来，同时生活也会非常舒服） 以上为基础，后续可以买毛刷、草架、尿片、玩具等等。  三、关于洗澡 很多人对宠物都有一个习惯，那么就是进家门就要给兔兔洗澡。 而兔兔很特殊，是对温度非常敏感的动物，洗完澡很容易出现失稳症状导致拉肚子（甚至死亡）。  同时兔兔有很强的自洁能力，很难出现身上脏臭的情况。同时也很怕水，严重可能导致洗澡被吓死的情况。 如果真的要洗澡：不排除兔子到处浪，弄得一身脏的问题，请用温水给兔兔洗澡，洗完立刻用暖风吹干，不能有丝毫怠慢。  四、如果还有疑问？ 请关注短尾星球订阅号和短尾星球微博，你身边资深的养兔人，随时为您解答养兔疑惑。
又到了猫冬的季节，手残党的棉窝也能如此清新脱俗,（猪眼看世界第16期） 这天儿是越来越凉了，家里猪主子的睡姿从夏季风骚模式转换成现在的毛球模式。  今天一早就看见翠花毛瑟瑟的蹲在食盒旁打瞌睡，一向只爱待在城堡（小木屋）的小公主，现在也是宁可在外留宿过夜了。看样子清凉避暑的小木屋该是换成温馨保暖的小棉窝了。  说起这棉窝真是饱含了小贝的血泪史，想必棉窝也一直都是很多宠迷心中不容触碰的痛。猪猪见到棉窝就如同基佬看见掉落的肥皂，那真是可劲儿造啊~  花二三十块钱买的温馨小暖窝不到一冬天就被肥猪造的千疮百孔，四面掉线。  不过，小贝我也不傻。从去年起我就开始亲自手工DIY棉窝了，参考教程如下，有兴趣的宠迷赶紧操练起来。   教程虽看着简单，但实操起来着实的不易。去年小贝的手工DIY直接丑出新高度，不过现在也死无对证，没法让大伙来调侃了。  去年的棉窝虽丑，但毕竟是自己的处女作，怎么着也有个谅解的余地。但最让我扎心的就是大胖的态度（昨天梦到我家那胖子了），他竟然对我千针万线含辛茹苦的小棉窝直接丑拒，整个冬天对我的棉窝是熟视无睹，宁可在外面靠自己的天然脂肪保暖过冬也不进我的爱心小棉窝（后来才知道是自己的棉窝太小，大胖子根本进不去）。  虽然当时的小棉窝大胖没看上，但二胖是爱的不亦乐乎，每天美滋滋的简直不要太潇洒。  乖巧懂事会拍马屁的宝宝总是招人待见，那一时间我对二胖的好感度直接爆棚。  可是，总有那么某个人特别见不得别人高兴，见不得别人的好，比如小豚。这个小肚鸡肠的家伙一见我为二胖认同感而沾沾自喜的时候，直接把自己的一只拖鞋扔给二胖，结果就出现了下面的情况。  那一刻我是三九天怀里抱冰遭遇冰桶挑战，整个人是透心凉。小豚是好一顿的冷嘲热讽，“不是你的破窝好，是我家二胖子不挑食，你看看我这臭拖鞋，他不待着也挺美的。看你刚才那傻样！”  不蒸馒头争口气，今年的#棉窝大作战#已经紧锣密鼓的展开，我势必要做出能征服主子们的完美棉窝，让主子们无可挑剔。宠迷们有想炫技PK的赶紧在后台留下你的DIY贴心小窝艳照，下期小贝会晒出自己的DIY棉窝与各位一同PK厮杀，决一雌雄（我本来就是雌的）。
如果荷兰猪没有梦想，那和咸鱼有什么区别？,（猪眼看世界第15期） 自从小贝在朋友圈时不时的晒下猪图，就有很多朋友问我，“小家伙长得这么可爱为什么叫荷兰猪啦？” 我的标准回答是，“能吃能喝能拉，一副猪的标准生活状态。叫他猪都有点羞辱猪了。”  不过小贝最近发现一直以来真的是低估了猪猪的能力，他们的梦想并不是每天呆在笼子里吃喝拉撒睡，他们也有自己的诗和远方。比如，做做家务。  给牵挂的人写封信，先削下铅笔  开着小车车去除草，别忘了给我打call  趁天气好给好基友阿朵浇点水  顺带洗洗车，消磨一下时光  溜溜家里的旺财，别问我是猪溜狗还是狗溜猪  麻麻快下班了，赶紧准备晚餐  玩了一天别忘了去健身房热热身  累了一天，最后玩玩我最爱的cosplay，猜猜这回cos的是什么？ 瞅瞅人家猪，你还觉得猪猪就是那种只会吃吃睡睡的堕落族吗？  平日里，家里的那两货就隔笼含情相望，诉说衷肠，恩爱是秀的一浪一浪的。我这人就心软呀，每回趁小豚不注意就放他们出来一起玩耍，顿时狗粮撒的一把一把的。巴特，一旦用美食诱惑，这种美好的画面就会被打回原形。场面就是这样滴……  吃货的世界，美食至上 这话绝对的真理  一看他们开始撕逼，啥都不说了，赶紧分开。什么梦想理想的在吃的面前都是炮灰。  可是刚一分开，二胖就开始肆无忌惮的啃笼子。  我打眼一瞥，不要以为我不懂，你这根本就不是对诗和远方的追求的，你这只不过是荷尔蒙催化下的欲望。  #如果荷兰猪有理想，会是什么呢？#  躺在美食堆里，纸醉金迷，不能自拔？还是夜闯女生宿舍，精尽人亡，做个花下鬼？（这只猪已经走向猪生巅峰）各位开动脑洞留言，留言最有趣的小贝献上香吻一枚。
活得不如荷兰猪？对不起，是我的眼界限制了我的想象力,（猪眼看世界第17期） 一直以来小豚时常在我耳边念叨着自己的梦想――希望每天像荷兰猪一样，除了吃就是睡，无忧无虑还有人给端屎倒尿。  我的回应除了一个大大的鄙视外再没别的，你有啥资格跟猪比，也不看看自己那德行。  不过有一点小贝得承认，自家的猪确实是很幸福的，吃吃睡睡，衣食住行都有我这个铲屎官伺候着，最最重要的是我可把他们都当成心肝宝贝一样的供着，捧在手里怕摔了，含在嘴里怕化了。起码他们不会像市场上的猪猪那样还会有被端上餐桌的危险。  上期#棉窝大作战#看到大家的留言和消息后，才突然意识到自己家的猪猪并不是最幸福的。还是那句老话，没有对比就没有伤害。    看看这些猪麻麻的巧手和爱心，我顿时是心生愧疚，猪猪，对不起，你受委屈了。  真是遇到什么样的主人过什么样的生活，想我家二胖和翠花遇到我这么心灵手不巧麻麻，小日子也就只能对付着过了。  再丑媳妇也要见公婆，上期说是要晒自己的DIY棉窝的，我这一周是急赶慢赶的做了出来。喽。就是下面这个。我鼓足了勇气才敢晒出来的，你们想笑就笑吧。  是不是丑哭了？？布料是不是很有秋意绵绵，似曾相识的感觉。爷死，就是用小豚的秋裤改装的。  知道小豚看到后指定数落，所以这回我准备直接硬怼他，只要暖和就行，你管好看不好看啦！  棉窝做好后我立马就屁颠屁颠的放到二胖笼子了，他肯定会喜欢的。放好后我就躲开了，给二胖一些熟悉棉窝的时间。半饷，我回来之后，一看就呆住了，棉窝直接被他给倒过来了，无底棉窝瞬间成了葛优同款沙发，二胖正美滋滋的躺在上面。好家伙，真给面子，不一会的功夫，里面就给造了一堆粑粑。  下面是来自宠迷@ 啾？的棉窝，一位好心灵手巧的猪麻麻，还细心的教我这种棉窝的制作方法呢。   是不是好看到爆，不仅美观而且实用，棉窝吊床两用，绝对棒棒哒。  临渊羡鱼不如退而结网，有了师傅的指导，小贝我是振奋精神，穿针引线，美观大方的小棉窝就此诞生。  你还别笑，虽然不怎么美观，但却足够大方了吧！这么大方的棉窝谁与针锋。  人有时真的是很矛盾，上班忙的时候老抱怨压力大。清闲了，心想总算可以体验一下猪猪的幸福。然而却反倒觉得无聊，空虚，一天下来感觉是比上班还要累。可能真的是工作定义了人的属性，即便你有做猪猪的命，但未必会有他们的幸福和快乐。
超能荷兰猪：这是逼我放大招呀！,（猪眼看世界第19期） 昨天乘着闲暇时间，和小豚一起把两猪猪的窝好好收拾了一下。不得不再一次提到前段时间含辛茹苦做的棉窝，这才没多长时间就已经屎尿不堪。  等一切收拾完毕，小豚就把他俩笼子的盖子掀起来也让他们的窝通通风。晾一晾，顺便把二胖放出来锻炼锻炼。  笼门一开二胖是直奔翠花笼边，一副卑躬屈膝满嘴“咕咕”讨好的样子。我这才发现跟油腻的翠花一比，二胖的毛是又干又枯。 我立马在心里盘算着，二胖走路老是托着屁股，毛发干枯。不会缺维C了吧？最近给他们的果蔬也确实不如从前了。  我赶紧把这一想法告诉小豚，小豚抓起二胖，给我看，这家伙的两个脚板不知什么时候肿了一大块，而且还有一层厚厚的茧子，其情可惨呐~  怎么会这样？我当时心就像被针扎一样，慌里慌张的翻出了创口贴。小豚看着也没多反应，只是淡淡的说，“二胖是先天残疾，后腿站不直，平时只能脚后跟着地，所以时间久了就把脚后跟磨肿了。” 没想到二胖还是个苦命娃，不过小豚也说了，等他忙过这段时间就会想办法给二胖医治。 就在我俩聊天的时候，只听“咣当”一声巨响。吓得我浑身一N瑟，吓得小豚差点扔掉手里的二胖，吓得二胖菊花一紧，直接拉出三粒黑粑粑。  我猛回头一看，只见翠花的笼子不知怎的自己合上了。再一看翠花这货已经舒舒服服的躺在了棉窝里。  实在是难以置信，刚才翠花不是一直在笼子里溜达吗？而且棉窝就挂在笼盖上，刚才明明是把笼盖掀开靠墙立着？这么高，她是怎么进去的？  我估摸着是翠花这货冻得受不了就钻进挂着的棉窝才把笼盖压倒了，但是，这么高的棉窝她是怎么够着的？难道她会飞或者是多吃了点豆子蹦着屁冲上去的？ 这就有意思了，我笑嘻嘻的走到翠花笼子前，低声对翠花说，“老三，女人这个好奇心就是重，你啦就配合一下告诉你咋上去的。”  我说完翠花直接一转身拿屁股对着我，嘿嘿嘿，早就知道你会这样。敬酒不吃吃罚酒，我三两下就把翠花从棉窝里给倒了出来，把笼盖继续掀开。我就是要看看你咋进去的，不给表演你就冻着吧！！  我在翠花笼子旁架着手机就等奇迹出现的时刻了，离开了棉窝，翠花显得一脸无所谓。慢慢的吃着粮食，我看着家伙估计是饿，可能还得一会儿才进窝。况且自己选的这个抓拍姿势实在难受，我就侧身把旁边的小马扎扯了过来。 可就是这么一个不经意，还没来得及开摄像，翠花这货一个健步直接蹬上厕所，一个百米冲刺，前驱体急停后蹬，精准弹跳，后仰旋体三周半，一股烟直进棉窝，动作一气呵成难度系数高达9.9999。  笼门“咣当”一声合上，我惊讶的差点连下巴都掉了。是谁说猪猪不善弹跳的，是谁说猪猪智商低的（百度里都是骗人的）。只要温度低，棉窝够暖和，一切皆有可能。  真心不得不服翠花的弹跳功力，以及这迅速蹿升的智商。平时一点点的高度翠花都害怕的不敢下，上跳的姿势却是这般的优雅。看来这是在吃货贪嘴本性驱使下，日积月累脚踩食盆练出来的功力呀。  翠花的这次壮举，直接让我对她刮目相看。原来猪猪也有超能派，每一头猪都不容小觑呀！
这家伙又脏又臭，但依旧圈粉无数,（猪眼看世界第20期） 冬日里，为了困住起床后家里唯一的那股热气，门窗紧闭是必须的。然鹅，最近每每下班回家，打开门的那一刻，迎面扑过来一股悠悠扬扬的腥臊恶臭味。没错，浓浓的荷兰猪的香味！  虽说平日里给他们屎尿打扫还算是勤快，但怎奈冬天空气在屋里憋了一天，即便是一点尿一粒屎也能捂出整个世界的酸爽。 心里不爽，嘴上也唠叨着。但按惯例给主子们的零食还是一点都不能少，我刚拿了两片菜叶子，翠花就兴奋的钻出棉窝，一脸的吃货本色。我把菜叶子递过去，翠花一口咬住叼走转过身背对着我美滋滋的吃了起来。  可是总感觉有点不对劲，今天二胖子怎么还没动静？我瞅着二胖子的棉窝，轻唤了几声，还是没有动静。我用手捅了捅二胖棉窝里的大屁股，依旧没动静。顿时，我心就“咯噔”一下，心都提到了嗓门眼了，二胖不会出事了吧？脑海中瞬间闪回大胖突然离开情景，鼻子一酸，一股悲伤直冲心头。 最近也没发现二胖任何有啥征兆啊？怎么就，怎么会这样！！是不是我又粗心了，是不是二胖子又不要我了？我憋着心酸，慌张的想掀开二胖笼盖子。 这时，二胖却慢吞吞的从棉窝溜出来，一看到我手里的青菜顿时两眼放光。提到嗓子眼的心这才稍稍放松下来，我赶紧一把抓起二胖仔细查看一番。还好，老铁没毛病，双击666。  我激动的直接把二胖抱在怀里，有种失而复得的幸福感。你这混蛋，睡觉怎么睡那么死？  二胖在我怀里来回的挣扎，我这才发现给二胖的菜叶子二胖还没吃到啦。我赶紧把二胖放回笼子，把菜叶子全都给了他。虽说刚才抱二胖的手惹了一手的骚臭，但我还是托腮满心欢喜看着吃的津津有味的二胖。  虽说猪猪又臭又脏，尤其是公猪。但是仍然无法阻挡我喜爱他们的心情。他们的一举一动都牵动着我们这些铲屎官的心：虽然是宠物，但在我们心里和家人一样很重要。  他们兴奋的时候，我们会很开心。他们生病的时候，我们会难过。哇哦~突然发现自己在养猪猪的这段时间变成了哲人。  等到晚上小豚回来的时候，我就把今天二胖子睡的和死猪一样的事跟他说了一遍。他只是听着，没说啥，反倒直接坐下吃起饭来。我就有点不高兴了，也没理他就去厨房端菜了。 等我回来的时候，小豚捂着心口龇牙咧嘴的说自己心口疼。我慌忙放下菜问他怎么回事？他却嬉皮笑脸的说，“没事，只是心口有点疼！” 我一看他嬉皮笑脸的样就有点生气，“是不是学你家二胖故意吓我。” “我学猪干嘛！”小豚说着又吃了口刚上桌的菜，还没等嘴里的菜咽下去他就一脸龇牙咧嘴的捂着心口喊心口疼。 我这暴脾气，“你想咋地！！” 小豚立马蔫下来，喃喃的说，“我只是盐分摄入过量，导致血压升高，心肌膨胀而出现的心肌痉挛……” 没等小豚说完，我就一馒头给糊上去，“丫的，嫌老娘菜咸就直说。”
昆山2018年积分入学问题 ,2018年积分入学要来了，这算是昆山家长最关心的问题之一了！据了解，有关昆山2018年新市民子女公办学校积分入学的各项工作正有条不紊的推进，相信不少家长都有一系列问题要问，下面话不多说，奉上纯粹而绝对的干货。 积分办法、细则什么时候发布2018年积分入学办法与细则，可以说与2017年基本保持不变，预计将于1月25日前发布。除此之外，到时候便民问答、咨询电话等将同步发布，家长们记得时刻保持关注，后续情况我们也会跟上！ 网上申报和窗口初审在什么时候2018年积分入学网上申报及窗口初审时间也是重点，大家记住，一般在3月中旬―4月中旬，为期一个月。方式上还是照老规矩，即“网上申报+窗口初审”。千万看好时间，一定别错过了！因为之前就听说有家长稀里糊涂居然给整岔了。 便民服务有什么新举措说到这个问题，今年还真有亮点。2018年积分入学实行市、镇两级合署办公，给广大新市民提供一站式积分入学服务。各区镇依然开设积分入学受理窗口，进行积分入学材料初审。 注：市级积分入学办公室也将进行合署办公！成员单位有教育部门、卫生和计划生育部门、人力资源和社会保障部门、房地产登记部门、公安部门。地点位于昆山市社会管理服务中心。
我家母兔好像怀孕了，应该怎么办？,母兔在家突然一下性格变得很奇怪，不让摸，不让抱，会不会是怀孕了？应该怎么办呢？短尾星球的小编就来告诉大家。 一、母兔什么时候就能怀孕？ 一般来说，兔子3个月后，生殖器官就半成熟（有孕育功能），不过实际上6个月左右才完全成熟（功能健全）。 影响兔兔能怀孕的因素有：品种、饲养方式有关系。  二、兔兔什么时候会发情？ 兔兔有发情症状也非常明显，从最开始两个小兔子在一起关系很好，到两个经常打架、喷尿（公兔习性）、咬笼子甚至咬主人。如果有母兔在旁边，会变得异常活跃。  三、兔兔什么时候适合繁殖？ 一般宠物来说，建议做绝育工作是最合适的。兔兔六个月后，有很强的交配生育能力，每次生产完毕之后，24小时内就能再度怀孕（怀孕对母兔身体伤害很大，建议绝育）。  四、如何判断母兔是否怀孕？ 对母兔称重是最为靠谱的做法，母兔的食量会在怀孕之后自然长大。就正常母兔的体重来说，一天能增加30克为极限，而怀孕后明显会超过30克，同时开始排斥，不让摸肚子，不让抱。  五、母兔产崽前会有什么提示？ 母兔在产崽前一星期就开始有挖洞、啃笼子、拖动牧草的举动。在分娩前一天，母兔就会开始把胸部的毛撕扯下来，给小兔兔做窝。第一次做母兔会拔毛不完全。喂养上也需要人为帮助才行。  六、还有疑问？ 关注短尾星球订阅号和短尾星球微博哟~短尾星球，你身边的资深养兔人。
被蜘蛛咬了，会变成蜘蛛侠；那被只猪咬了，会变成什么？,（猪眼看世界第18期） 入冬已来，浑身犯懒。除了前几天给猪猪做棉窝外，这段时间基本和他们都没什么互动了，昨天突然心血来潮就想好好陪他们玩玩。  等我屁颠屁颠的撩到笼子边，却发现这两货没一个出来欢迎我的，都躲在新棉窝里睡香香。  小爷我赏脸特地来调戏，竟然没一个出来接客的，太不把人当腕儿了。不由分说我上去就把翠花从棉窝里倒了出来，指着她的小蒜头就骂，“没良心的玩意儿，小爷我双十一剁手给自己是嘛玩意儿也没买，买的全是你们的口粮用品。你个白眼狼！”说着还狠狠的在翠花头上用指尖钻了一下。  翠花看我撒完气了，再看手里也没个见面礼。一个白眼，转身就往棉窝里钻。还真是个白眼狼呀！虽说气，可我还是贱贱的拿了一些苹果在棉窝口挑逗着翠花。然鹅，翠花就是千呼万唤不出来。  奶奶个腿的猪猪侠，这是敬酒不吃吃罚酒 我再一次不由分说直接掀窝，翠花从窝里一骨碌就掉了出来。我手上的苹果直接往上翠花头上一杵，“吃！”  翠花抬眼一看，顿时眼里放光，扑上来就是一口……  奶奶个腿的猪猪侠，手被咬了一下！ 还好小爷我是高级灵长动物，无意识下，一个脊髓反应秒缩手。还好，只是咬了下，没下重口，没见红。 突然头顶小灯泡一亮，心机girl，心机多；心机girl，惹人怜。想到这儿，我收拾一下表情，眼角噙泪，双手紧握着被咬的手指肚儿。顿时梨花带雨，楚楚可怜。  我悄摸的走到小豚跟前，抽搭着说，“你瞅瞅你家那主子干的缺德事儿！” “咋了？”小豚忙着自己的，都没抬眼看我。 “他咬我，他竟然咬我！”说话间我就硬生生的把自己受伤的手指塞给小豚看。 “他这是吃了兔子胆了，竟然敢咬人了！”小豚一脸忿忿不平的说。 “奏是，奏是！”我一听小豚这话，这是打算给我出气呀！心里那叫一个美呀！“这就惯的毛病，饿上他两顿，让他知道点好歹。” “饿他？饿你都不能饿他。”小豚说着就给我贴了块创可贴，虽说只是蹭破了皮。“你知道蜘蛛侠是怎么来的吗？奏是因为被蜘蛛咬了一口，你这被猪咬了一口，整不好也能变成什么侠。说不定明天起床我一睁眼，看到的是个大猪头，光想想那画面都带劲！” 听到这我是火冒三丈，本想用一个“滚”字把小豚从老娘的视野擦除。但心里一个犹豫，小豚就NN牡目破罩碇硪人的事儿，师夷长技以制夷，我也就压住火耐心听了下来。  俗话说，“兔子急了也咬人”，但是，理论上猪猪是绝对不会咬人，原因很简单就是因为猪猪胆子太小了，你怎么惹他，他也就是跑，当然还有装死。但凡是有例外，猪猪还是有咬人的时候。 1、牙痒痒了 猪猪的牙是一直生长的，所以需要经常的磨牙。正因为如此猪猪啃咬成了探知这个世界一个方式，就像是婴儿一样。所以有时你喂猪猪吃东西的时候，他就会用牙轻轻的咬咬你，这种试探性的咬都是很轻的，完全不用担心。当然，这种情况你千万不能害怕，万一你一个惊叫，把猪猪惊到，这手说不定就真见红了。  2、手上沾吃的 通常我们给猪猪喂吃的时候，手上难免会残留一些食物碎屑。尤其是番茄这种带汁的，手上沾了番茄汁，猪猪提鼻子一闻，拿嘴一舔，还以为真是番茄。小心脏一紧绷，牙门一松，咔嚓就是一口。  3、真是被惹火了 虽说猪猪碰到危险只会跑，但那仅是对外界的陌生危险而言。如果你和猪猪足够熟了，猪猪都把你当“亲人”了。这时候你再无节制的招惹猪猪，他们自然就对你不客气了。想想整天为周围嘈杂混乱的声音担惊受怕还不算，还要受自己家人的气，这是万万要不得。一番激烈的思想斗争后，猪猪爽快的下了嘴。  当然小贝认为猪猪咬人纯属意外，而且被猪猪咬了如果不严重直接简单消毒处理就OK，伤口严重的话以防万一最好是打针疫苗。不过我突然想起一点，蜘蛛侠被蜘蛛咬后才变异的，蜻蜓侠是被蜻蜓咬了才成超人的，那么我这被猪猪咬了会变什么啦？宠迷你们希望自己变成什么侠？放开脑洞，留言哈~    关注同名公号，了解更多精彩内容哦~
 这头吃货猪竟然也挑食，天理呐~~,（猪眼看世界第21期） 前几天在后台收到来自@发条橙家老布丁的图片，一位七岁的猪猪老寿星。自带烟熏妆，健壮有型萌萌哒。一脸的萌样完全看不出岁月的痕迹呀。  青春永驻的容颜并不是所有物种都能驾驭的，看看镜子里的自己，岁月这把杀猪刀，不杀猪反倒是独宠我一人啊。  话说回来布丁能这么长寿，完全是因为有这么一位仙女型的猪麻麻（看看布丁的棉窝就知道，小贝自愧不如）。  转眼时间过去两年多了，大胖撒手人寰，丢下美食驾鹤去了猪猪星球，二胖从一开始腼腆小男孩变成了如今四处留精的撩妹大叔，变化最大的要数翠花了，年纪最小肚腩最大，小公举直接跨越式的变成肥腻大妈。  不管怎么样这两年多有了猪主子的陪伴生活平添了很多乐趣，眼看2017年马上就要落幕了。在这里啦，我想对猪主子给予最真诚的问候，你们吃喝拉撒睡的这一年辛苦了！！  要说我每天最高兴的事情就是逗家里猪主子玩了，最爱看的的莫过于翠花听到我打开塑料时一脸讨吃的的贱模样，那急不可耐的直放光的双眼简直嗜吃如命。  贫尼只想说，姑娘放下执念，矜持一点。  往日翠花只要是给吃的，立马是激情四射，伸出脑袋一口咬走，自个蹲在角落哼着小曲乐滋滋的吃起来。  可最近不知这姑娘是真的懂得矜持了还是咋的，现在我把胡萝卜给人家递过去的时候，人家就只是象征性的嗯哼几声，连脚都懒得踮。我把胡萝卜递到人家嘴边，她才象征性的咬了一小口，还有点不大情愿的吃着。没有乐滋滋的餐前小曲，也没有饿虎扑食的凶猛劲头。  可是这边的二胖子如同饕餮附体，吃的那叫个带劲。三下五除二造完后还意犹未尽的看着我，而翠花的那半截还静静的躺在食盆里。不妙，有状况！可是右看左看也没看出有啥毛病啊。  看来看去，思来想去，难道是这货学会挑食了？想到这里，我马上动身去楼下带了些玉米叶子回来。一进屋，没等我把底牌亮出，鼻子尖的翠花顿时是灵魂附体，高亢的口哨声直冲云霄。  呵，果真是挑食了。我忍不住就是一通数落，不过转念一想，我最近是有些犯懒啊，每天就只给他们带胡萝卜回来，估计他们都已经吃了大半个月的胡萝卜了。泥人还有个土性，估计翠花早就吃腻了。  换肯定是要换的，但问题是家里剩下这几袋子胡萝卜怎么办呀！咦，转念一想，小豚这几天用眼过度老闹着让我给买眼药水，这几包胡萝卜就便宜他了，还省了买眼药水的钱。  我现在是真真切切的体会到，你和猪猪呆的越久你就越发现猪猪不仅仅是呆萌那么简单，一个个都是十足的心机婊。基本上猪猪每天都能刷新你的三观，每天都有意外和惊喜上演。你家猪猪有哪些刷三观的难忘时刻？说来听听。    关注同名公号，了解更多精彩内容哦~
见惯傻白甜的荷兰猪，却被这只女汉子猪猪给萌翻了,（猪眼看世界第26期） 刚刚打开微信后台，发现有宠迷询问，上周为何没有更新。在这里也跟大伙儿道个歉，上周也就是昨天，小贝我过寿，脑瓜儿一乐呵给忘更了。  昨天小豚给美团了一份纸包鱼，结果两人出门后是怎么也找不到店面。我只好是看着导航一步步的量着走，小豚一股脑闷不吭气的瞎找。可最后竟然还是那他先找到了，等我拿着手机跟他会合的时候，这家伙竟然臭不要脸的给我竖中指。奶奶个头的，这是要吃纸包猪的步调呀！  今天早上，我看见小豚在翠花的笼子边嘟囔着，“这家伙的牙可真尖！” 我走进一看，小豚正把手往翠花的嘴上凑呢，看着他那贱贱的手指，他这是虎口拔牙，等不及过双十一了。我问：“嗯？她咬你了？”。  小豚蓦地抬起脑袋说：“怎么可能？我家翠花多乖多温柔，你摸摸她的牙齿，就知道了。”  我伸手一探究竟，还真是，小牙齿尖尖的，而且性格也特温顺，不躲不藏，任你摸个够。 小豚说：“这是啃笼子啃得呀。”  说起啃笼子，这段时间我下班一到家门口，还没掏钥匙就听到里面翠花啃笼子的声音。几乎每天都是，不管我把脚步放的多轻，翠花都能听出来，耳朵也忒灵了。  可是小豚每次回来的时候，他们个个的都在笼子里睡大觉，一声不吭的。我不禁心里偷着乐，这大半年没白疼你们，都学会认人了。  现在是只要听到我的脚步，翠花就一直啃个没完。这不，只要我在家，翠花就没个消停的时候。 看着翠花傻萌傻萌的样子，啃笼子一定是想出来玩了。想想也是，他俩都好久没一起玩了。暂不管小豚什么意见，我赶紧拿出一个纸箱，简单的收拾了一下，就把他俩放进去。提到卧室里，放到我身边。  这样他俩可以玩，我也可以忙我的事，顺便看着他俩。好久没在一起呆过的两猪，突然间这么近距离的待在这么狭小的空间里，都懵了圈。孤男寡女同处一室，难免还有些尴尬。不过不一会儿，气氛就搞了起来，两猪闹腾的那叫个欢实。  二胖开始几番都想跟翠花亲热亲热，可都被翠花恶狠狠的怼到一边。几经受挫后，这家伙才算死了心，静下心来吃牧草了。  相安无事了好一会之后，突然就听到了二胖的哼唧声。低头一看，这下可好，翠花正咬着二胖的耳朵呢。  这妥妥的女汉子呀，汉子动口不动嘴呀！  可没想到，翠花咬二胖耳朵成瘾。每隔一小会，就凑上来，咬咬二胖的耳朵，敢情是把二胖的耳朵当成是好吃的了。还好都是轻咬，二胖并没有受伤。反倒翠花霸气侧漏，二胖成了小鸟依人了。  真心被这两货暖心，宠迷们，你们家猪猪有哪些暖心的举动呢，说来听听。   关注同名公号，了解更多精彩内容哦~
听过站着睡觉的马，还没见过闭着眼睡的荷兰猪,（猪眼看世界第28期） 一到冬天，床以外的地方都是远方，手够不着的地方都是他乡，上趟厕所都是出差，只想与床不离不弃，生死相依。  无数次的挣扎起床，无数次的听到两猪宝啾啾待哺的叫声。每天叫我起床的是穷，你们这一天天有吃有喝的，起这么早为哪般？  几根干草安抚完两猪宝后，突然一个困惑我多年的问题萦绕在我脑海，我咋没见过这两货睡觉的时候？还是这两货天生睁眼睡觉？  有时无聊跟他们玩对眼，我眼睛酸的吧嗒掉眼泪，这两货依旧一副萌相。这么一想，好像是从没注意过猪猪闭眼睛的时候。吃东西的时候，他们睁着圆溜溜的眼睛，眼神呆滞的缩在一角的时候也是睁着滴溜溜的大眼睛。即便是睡觉的时候，似乎都没怎么见过他们闭眼睛。  虽说在网上图片里见过猪猪闭眼睛的时候， 但是自家猪猪好像还真是一次都没见到过，自家猪猪到底会不会闭眼睛，相信这也是困惑很多宠迷的问题吧！  按说如果我是个新手刚养猪猪没多久，没见过猪猪闭眼倒是情有可原，但我可是两年的老猪油了，这就有点说不过去了。  然鹅，昨天我却无意间掌握了自己猪猪闭眼的铁证。事情是这样的，最近几天，西安雪下的很大，温度是急剧下降。昨天，小豚看到两只猪猪可怜，赶紧拿个纸盒把他俩端进卧室，让他们也暖和暖和。  这两小家伙一见面那叫一个欢腾，翠花是吃货一枚，二胖是痴汉一枚。翠花吃什么，二胖就从人家嘴里抢什么，这可惹恼了女王大人，一头把二胖顶到一边，顿时把二胖凶的一愣一愣的。  要是平时，两猪宝吵吵闹闹小豚也不会在意。可是那天两猪宝吵闹太频繁了，动不动就炸窝，纸箱子都被颠蹬了起来。而且每回都是翠花先发脾气，那脾气大的一点都没有上回被二胖占了窝在外面哼唧哀怨的小母猪样儿。  小豚也是被接二连三的炸窝闹腾烦了，几步走过去就把翠花抱了起来。在纸盒里还凶神恶煞的翠花，一到小豚手里瞬间变成小迷妹一枚了。  小豚也完全一脸萝莉控的看着翠花，我在一旁胃里直翻腾，这又是要上演哪门子人猪恋呀！  就在这会儿，小豚突然发话了，“怪不得脾气这么冲，原来是困了！”说着就让我拿手机拍下了翠花打瞌睡的一幕，场面喜人，直戳视频一起来熬猪呀！   看着翠花那昏昏欲睡的眼神，像极了开会时的自己。真是万物皆一般，总要把觉眠。都说猪无睑，谁困谁知道。  看到翠花打盹的那一幕，我这脑海就一直就循环播放，喜感不断。其实猪猪很少闭眼是因为猪猪对周围环境不熟，因为猪猪处于食物链底层，所以他们要时刻保持警惕，以至于直到现在他们都是很少会闭眼的，除非周围环境是真的很安全。  你家的猪猪是怎么睡觉的呢？  【趣味互动】  关注同名公号，了解更多精彩内容哦~
茶杯犬确实很可爱，可背后的故事却让人心酸...,很多人第一眼看到茶杯犬，就被它可爱的模样吸引住了。特别是女孩子，基本都会秒变迷妹   茶杯犬又叫茶杯贵宾犬，一般的话身高在8英寸（20cm）以下，体重不会超过4磅（1.8kg）  娇小的都可以每天捧在手心里，时不时地调戏一下，想想都会流口水  这导致有些其他狗，为了争宠都开始争相的模仿它  的确，茶杯犬的确还是有很多人喜欢的，最有名的当属希尔顿集团的千金，她对茶杯犬的热爱可真不一般   基本到哪都会带着她心爱的小可爱，据说她家里养了35只狗狗，其中有很多都是茶杯犬  这是上周她收获的一只新茶杯犬，看她的表情就知道有多喜欢  网传希尔顿为了买下这只狗，花费了高达8000美金。而如今市面上的茶杯犬的价格也普遍偏高，一般都要4k开外，纯种的最便宜也要8k起  这就导致了有些人，把生财的目光转向了这种高价的小型犬！ 为了能让生下来的狗更小更可爱，他们选择将待产的狗妈提前刨腹产。而产下的小宝宝，因为在还没发育完全前就离开母体，所以身体普遍较差，并且伴有很多先天疾病  但这些黑心繁殖场可不管这些，体积越小的茶杯犬，往往能卖出更高的价钱... 所以很多人买到手的茶杯犬，养了一段时间就出现了问题。它们有的会时常呼吸困难  有的摔个跤就可能出现骨折  而寿命也比起正常犬短了太多，就是这个道理  很多人养茶杯犬的原因，是因为它可以随身携带，像是一件特别的首饰 可作为狗狗，天生是需要运动和社交的，它们无法像猫一样在一个地方呆上一天  可茶杯犬就好比侏儒一般，它往往很难拥有像普通狗一样正常的生活方式 有些养过茶杯犬的铲屎官反映，给它喂食时一定要注意喂餐的量，多一两颗就可能导致它肠胃出现问题，而且是每2-3个小时准备的温热的食物  定期需要到医院检查，保证它的身体不会出现异常  因为茶杯犬本就不在337中纯种犬之内，它是基因突变的产物。所以到目前为止，它的健康问题一直都存在着
“咪咪”咋了呀，饿了吗？怎么吃起草来了,
不靠谱的猪麻，却养出靠谱的荷兰猪,（猪眼看世界第22期） 往往一篇文章最精彩的部分是评论，我是深有体会，每次看宠迷的留言，就是我最享受的事情，远远比我写的长篇大论要精彩很多。  每句话都是言简意赅，精彩纷呈。让我看到很多猪麻麻跟猪猪相处的美好画面，同时也感慨这些猪猪是多么的幸运，能遇到那么善良，无微不至的猪麻。  刚刚被一位猪麻的留言感动：  这把猪粮我吃的心服口服。每每看到这些温馨的语言时。我就反思自己这个大条经常干的蠢事，我家猪猪遇到我是多么的不幸。  最近小豚每次回来看看猪笼就问我是不是喂猪猪白菜了。 我说：“是啊，这不经常喂吗？” 小豚说：“跟你说了多少次了，以后尽量少喂，多喂些干草。你看看猪猪的便便都不成形了，你这是要害死他们呀！” 虽说平时小豚总是唠叨着少喂蔬菜，多喂干草，我每次也是满口答应，可转背就忘，继续我行我素。  在小豚看来，猪猪能吃的不能吃的都必须分的一清二楚，并且还得严格遵守。一旦我喂错了或喂超标，那小豚是老脸拉得老长，嘴里还骂骂咧咧，十足的怨妇样儿。  我虽然每次嘴上都应承的挺好，但心里总觉得小豚太矫情了，至于吗？人能吃的，猪猪肯定也能吃。  看到网上视频里有喂猪猪馒头，饼干还有面条的，而且人家猪猪还吃的津津有味。女人这个好奇心真是一种毒药，为了证明猪猪能吃馒头，为了证明小豚说的不一定对。我就背着小豚打算给家里的翠花和二胖喂点馒头，一想到他们美美的吃着馒头的场面我就兴奋不已。  当我把香喷喷的馒头递到笼边的时候，翠花一如既往的扑上来一口就把馒头叼走了，正当我憋足气要兴奋的时候，翠花竟然放下馒头闻都不闻一下就走开了。  我悻悻的转头去试探了下二胖，结果他也是碰都不碰馒头。好吧，你们这是被小豚带惯了，他不容许你们吃的东西，你们绝对不吃哈，不吃拉倒了。  等小豚回来我就问他为什么猪猪不能喂馒头，他说，猪猪体内没有淀粉酶，肠胃肠胃不能消化淀粉含量高的食物，长时间喂淀粉含量高的时候就会对他们的肠胃造成损害，甚至是肠胃堵塞，最终死亡。而且那些有刺激性气味的蔬菜也不能给猪猪吃，因为对于猪猪而言咱们常吃的一些辛辣蔬菜都是有毒的。 我听完就出了一身冷汗，幸亏这俩猪听话，没吃啊。要是被小豚知道这件事，肯定又免不了一顿叨逼叨了。  看来人能吃的东西，猪猪真的未必能吃，毕竟猪猪和人的生理结构还是有差别的。  这天我一回来，那两货就闹腾的叫起来。我一看自己带的菜，青菜他们就可以吃的，随手就给他们扔了一两根韭菜，先安抚一下他俩躁动的心再说，韭菜也是青菜呀。  他俩倒是给面子，马上安静下来。我先去忙自己的事了，准备过一会再来安顿他们。 忙了一小会，我突然想到，小豚说过有刺激性的蔬菜也不能给他们吃，我赶紧飞奔过去，希望还有挽救的可能。还好还好，几根韭菜原封不动的躺在笼子里呢，猪猪并没有吃，当时我就感动的摸了摸他们的小脑袋，“小豚的家教不错，你们还挺乖的！”  回想我经常做的那些不靠谱的事，心里是无比的感谢家里两只听话的猪猪，没有酿成大错，也没有被小豚发现。 在这里我再重温一遍猪猪可以吃的蔬菜和水果的大概范围，知道的，可以忽略，不知道的可以看一下噢。 猪猪喜欢吃的蔬菜有油麦菜，地瓜叶，芹菜，高丽菜，各类莴苣，胡萝卜，玉米，花椰菜，小黄瓜，和胡瓜等，有的猪猪也喜欢吃彩椒。 注意：不能给猪猪吃有刺激性的蔬菜如大蒜，辣椒，洋葱，青葱，韭菜等。 猪猪爱吃的水果有苹果，西瓜等等。 注意：不能给猪猪太多高糖分的水果，同时最好每次少量，以免吃不完导致变质或者招引昆虫。    关注同名公号，了解更多精彩内容哦~
铲屎的，荷兰猪全身spa怎么能不修甲啦？,（猪眼看世界第23期） 上期小贝没有推文后台就有宠迷问小贝是不是不生病了。看到宠迷的关心，小贝超感动的。  上期未推文主要是因为我偶尔间发现公司年初给的旅游卡，竟然还一次没用。这段时间只顾着和死宅的小豚呆一起了，哪儿都没出去逛，上周我是果断撇开小豚自顾自的浪了一遭。不得不说，外面的世界真是精彩呀~~  这两天闲来无事的时候，趁小豚不在的时间。我悄悄的把两只猪都给放了出来。这下可好，场面实在是火热了，两个是你追我赶，玩的嗨的不行，我也是一动不动，时刻注意着，以防二胖做出越轨的事（感觉自己好不善良）。  两家伙就在两个笼子之间窜来窜去，别看翠花身宽体胖，但出入笼门的百米跨栏姿势绝对是非常标志敏捷的。  反而二胖子，可能因为自己天生后腿缺陷总是慢那么几拍，而且在笼子里经常卡脚。看二胖子哼唧乱叫抓耳捞腮的猴急样儿，完全是一副猪八戒调戏蜘蛛精，浑身的精力没处撒。  等他俩撒欢玩累了，二胖子也不追翠花了。我把二胖抓起来，好家伙，指甲也忒长了，怪不得在笼子一直卡脚啦。看样子追妹把妹时剪指甲很关键哦~  这剪指甲的事儿可不是一个人就能随随便便完成的大工程，只能等小豚来了再说喽。  给猪猪剪指甲最主要的工具就是宠物专用指甲钳（大号指甲刀也是ok的啦），具体也不贵，宝网上就有。  东西都准备好后就需要一个人负责抱住猪猪，主要的是稳住猪猪焦躁的情绪，抓住他的脚丫子，而另一个人只需专注的为他剪指甲就行了。  剪指甲重要的就是不要剪到猪猪的指甲肉，就是在逆光的情况下看着指甲中那块红红的东西。具体的示意图如下：  给猪猪剪指甲说难也不难，有些听话的猪猪一个人就能搞定。唯独注意的就是不要剪刀指甲肉！！ 想必这些宠迷们也都知道，小贝也就不再嗦了。有确实需要了解的可以看下面的视频↓↓↓↓  猪猪需不需要剪指甲真的是因猪而异，有些猪猪指甲长了他自己就会咬断，完全不用操心。家里翠花就是这样，虽然傲娇但在卫生方面绝对的让人省心。  而二胖子真是完全继承了小豚的优良传统，卫生方面是一点都不讲究，吃喝方面是一点都不对付。那家伙别说是自己修理指甲了，就是自己在窝里给尿的不成样子了也不挪窝，除非自己都受不了才会从窝里出来。  每回看见他在窝外面冻得缩成个毛球的时候，我真心是不想理他，他那个猪窝温水泡一天，费一整包洗衣粉，淘洗半吨水依旧是香气袅袅，气人心脾！  真是主人有啥优点是一点都不学，一大堆坏毛病倒是无师自通。不知道你家猪猪有没有继承你的优点或是缺点啦？    关注同名公号，了解更多精彩内容哦~
 胆小如你，竟然也会向往外面的世界,（猪眼看世界第24期） 圣诞节的前夕收到布丁麻麻发来的老布丁圣诞装，非常的喜气洋洋。我和小豚看的那叫个稀罕呀！虽说老布丁是很普通的三花短顺，但绝对让布丁麻麻养出来了高逼格的名媛范儿。  眼瞅着2017年就这么过去了，一切似乎都顺利，一起似乎都不那么糟。   （图片来自 绘画师@登登登Dn） 回想2017年，盘点一下我们都经历哪些只有鬼知道的事情：  新年总是屋外一派祥和喜庆，屋内依旧WIFI手机。2017年过去就过去了，2018年它爱怎么来就怎么来。  不过新年的更替，四季的轮回总是会在你身边留下蛛丝马迹。就说当下，翠花是越来越爱啃笼子了，从早上6：:30准时开啃，一刻不停直到你拿美食堵住她的嘴。可是现在美食只是缓兵之计，治标不治本，吃完东西她照啃不误。 想想这货不会是过了年，开始发情了吧！ 那就甭管她了，我忙我自己的，努力静下心，继续手中的活。可是这家伙N瑟的没完没了，笼子啃的那叫个带劲，烦淫呐~  我憋着一腔怒火，冲到她跟前，恶狠狠的点着她的小脑袋，闹哪样？起义造反呐~ 这小妞，瞅都不瞅我一眼，继续带劲的啃笼子。 好好好，我怕了你了，放你出来。 我这才发现，原来是小豚把两猪笼的位置互换了，翠花现在的笼子，一眼能看到二胖，这是看到小伙伴了，向往外面的世界了。 那得了，如你所愿，出来溜达溜达顺带减减肥。 翠花一出笼门就直奔二胖那儿，两人，不，两猪鼻子对鼻子好一顿亲热。看翠花“探监”的正高兴，我就没管忙自己的去了。  甭说，这法子还真奏效，这家伙出来后消停了不少。我忙完手头的活儿过去一瞧，直接傻眼了。翠花这妞跑哪儿去了，不见了。 唉呀妈呀，顿时就慌了。到处翻到处找，棉窝里没有，犄角旮旯都没有，就连她最爱藏身的草笼里也没有。真是活见鬼呀！难道这妞是天使猪，插两翅膀扑棱扑棱的飞了。  这时，我一瞧周围的魔片才发现魔片围栏被突破了一角。完犊子，越狱了！ 我第一反应就是直奔厕所，照着光，蹲下身往那黑洞洞的厕坑里瞅。眼睛都瞅酸了（也有可能是熏的），也没瞧见个啥。应该没掉进去，希望没掉进去吧！  我从厕所出来，锁上厕所门。嘴里轻声唤着，“翠花，老三，老三，三儿麻麻给你拿好吃的了。” 可是一点反应都没有，屋里是一点动静没有。实在没招我就边揉塑料袋边叫老三，可还是没反应，反倒是二胖子啾啾的叫起来。 我转身一瞅啾啾乱叫的二胖，食盆里没粮食了。就顺手打开猪粮，给二胖子抓了两把。就在这时，我听见不远处一声声咕咕悲凉声。我朝声音处看去，没错！就是翠花这妞，这货躲在杂物堆里两眼滴流圆的瞅着我。  好你个败家玩意儿，浪个没边了。我心里骂着，手还拿着猪粮轻轻的递了过去，生怕动作大惊跑了她。翠花一步两晃荡的慢慢走上来，看她正吃着香，我一把伸手就逮住她。  她也没有逃的意思，一副乖巧的样子。只是心跳加速，后腿直颤抖。看样子是吓得不轻，你说你没个贼胆，倒是贼心挺多。世界那么大，你想去看看，结果咋样，吓尿了吧！  纵然我怎么说她，她就像个犯错了小孩。在我手里不做反抗，也不敢直视我的眼睛，一副可怜相，真是太逗了。  既然找到了那就好，我把翠花放回笼子，这妞一骨碌钻进棉窝，悄默声的一声不吭。  亡羊补牢，为时不晚，也该好好把魔片重新组装一下，可我这活动才发现。胸口这儿湿了一滩，翠花，你给我出来，我保证不打死你！   关注同名公号，了解更多精彩内容哦~
蜜待鼯异味大吗？新手饲养蜜待鼯应该注意的事情。,最近蜜待鼯可以说是非常的火爆了。非常受到年轻小姐姐小哥哥的喜爱，看看看金龟子这个大姐姐都在玩！！  蜜待鼯异味大吗？ 家庭饲养只小宠物，在乎的就是它会不会乱拉屎撒尿。味道大不大。详细说下蜜待鼯蜜待鼯在家庭饲养中的一些留言反馈。首先呢，蜜待鼯拉屎撒尿是不固定的，如果接受不了，建议就不要饲养这个小家伙。往往是主人抓他接着就拉屎了。老玩家应该可以注意的到，不管你的蜜待鼯养多久，拿起他来的时候他还是会紧张的。一紧张就拉屎了。下面是冬天给小蜜准备的别墅！！   饲养蜜待鼯应该注意的事情： 小蜜更适合在笼子里饲养，空间越大越自由。饲养过程中，蜜待鼯本身味道是不大的，放在鼻子闻能闻到。当然如果主人长时间不给他不洗澡的话，那尿味也是用语言无法形容的。人长时间不洗澡身上那味也没法闻。动物也一样。所以说，单只饲养或者一对饲养味道是不大的，可以接受。  还有家庭饲养中建议不要散养蜜待鼯，不然真的会找不到的。最好是笼养，可以随时拿出来玩不玩的时候就放笼子里。  以上简单介绍了小蜜的饲养方法，希望看到的新手朋友有所收获。
荷兰猪的牙原来这么美哦~,（猪眼看世界第27期） 基于前几天家里翠花咬二胖耳朵的先例，此刻看着二胖在外面遛弯，我心里想捏二胖耳朵的小火苗蹭蹭往上冒。于是我就偷偷的伸出自己贱贱的手，捏住二胖的耳朵一顿揉搓(感觉自己的手法还是比较温柔滴）。  二胖是最听话的乖宝宝而且颜值也高，任我怎么揉搓他耳朵，他都没有一点反抗的意思。还高高昂起头来，微微露出两颗小白牙，一副特别享受的样子。  顿时，一股莫名的喜感涌上心头。看来，知猪者，小贝也！那种成就感如同年初西安的房价一样，嗖嗖的往上飙。心里暗想着，别看二胖子邋遢，但这牙是真白呀！  正当这时，传来小豚的声音，“二胖牙怎么掉了一小块？” 我随口搭腔着说：“哪有？你看看人家牙多白！再看看你，牙黄的，嘴里镶颗金牙都看不出来。” “是呀！我哪能跟人家比呀！”小豚的话里话外透着一股酸劲，“人家一胖就呆萌，我这一胖就油腻。人家一饿叫吃货，我这一饿就饭桶。人家满脸毛你不说啥，我这腮帮子长根毛你就说我是串脸胡。唉~世态炎凉甚，人不如猪也。”  小豚说完就溜溜达达的走开了，我也不爱搭理他。小样儿说话还一套套的，显摆啥呀！不过，小豚这一走，我就抱起二胖，抬起他的头，仔细瞅了瞅。还真让小豚这货说着了，二胖的一颗门牙掉了一个小小的缺口，不仔细看还真看不出来。  好吧，我这个猪妈又不合格了？小豚这货平时一副懒散的样儿，但他对猪猪的这份细致观察，我是不得不服。  这牙缺了一小块可咋整呀，会不会影响他吃东西？他牙不会整个坏掉吧。怎么办？怎么办？ 不过一想小豚刚才那副散漫的样子，我就明白，应该没啥大事。如果真出大事，他肯定第一个急。  我呢，也不愿意低头向他请教，我自己百度去。这上网一搜，我才幡然醒悟，原来猪猪属于啮齿类动物，他们的牙会不断长出来啊。  “他的牙还会长出来的呀。”我兴奋的说。 小豚在一旁轻声说：“是的，最近多喂二胖软一点的食物，过段时间在牙齿长长了，再磨磨门牙就平了。”  唉呀，还好又是虚惊一场，希望猪猪们都健健康康的成长。猪麻麻们，你们有没有遇见猪猪缺牙或掉牙的情况呢？肯定没有我这么慌张的吧。  【趣味互动】  关注同名公号，了解更多精彩内容哦~
呦呦切克闹，荷兰猪屎来一套,（猪眼看世界第25期）   就餐者勿读，你吐了，跟我没关系！  今天小贝突然明白了一个道理，我们生活在一个虚假的世界里。  小贝终于明白为什么很多科学大咖都提出地球囚徒说，宇宙多维说和虚假世界说了。  曾经就听小豚说起过猪猪会吃屎的事，可我一直是不相信的，毕竟这么可爱的小生灵怎么可能吃屎。这世上除了屎壳郎谁还会对屎感兴趣呀！  但是，今天，就在1小时前，现实真真切切的给我狠狠一耳光，翠花竟然吃屎了！  一度怀疑自己眼睛的我，还动手掰开翠花的嘴一探究竟。Oh my 嘎噔。我的整个认识观都被翠花嚼的稀碎，怎么会酱紫？  小豚知道后，跟我说翠花吃的是自己的盲肠便。这是一种经过盲肠储存，营养还未被完全吸收的便便。猪猪在食物匮乏的时候就能靠盲肠便度过危险期。 小豚的大道理是一套一套的，可是一脸傻萌的猪猪为什么是个吃屎货，瞬间感觉不爱了。再者说，我是天天好吃好喝的供养着翠花，她哪有什么饥荒危险期呀！干嘛要吃屎！！即便是眼见为食的吃货也不能干这事啊！太跌份儿了！！  可一说到这话题小豚就跟打了鸡血，吃了炫迈一样，根本停不下来了。  小豚说猪猪吃盲肠便不光光是为了充饥，同时盲肠便经过盲肠益生菌的发酵营养成分会很高。是上等的补品，夹杂着菊花的清香，趁热服下，那叫个爽快！  说的就像是他吃过一样。盲肠便是补品？怪不得翠花那么胖，一肚子的屎。想想自己整天抱着个屎坨坨亲热，我也是醉醉的了。  常言道：“狗改不了吃屎”。我认识中也就知道狗会吃屎，说猪猪吃屎直毁三观。但是我上网一查，五官全毁尽。   “除了常见的猪狗牛羊都吃屎外，很多冷血动物，甚至的二次元的考拉，国宝熊猫等等几乎所有你认识的动物都吃屎呀！屎里的肠道益生菌可是很珍贵的良药。”  甚至有“吃屎治病，灌粪呕毒”这么一说。  啊，这是哪儿？我是不是来到的假地球了。小豚见我三观尽毁，人格坍塌，还在一旁嬉皮笑脸的的幸灾乐祸。  好吧！你不仁休怪我不义，我要揭穿这个世界虚假的面纱。我要让一直以为美女不放屁的小豚知道他们不光放屁还拉屎呢。  我要让喜欢锥子脸的男生知道，那些小脸都是我们女人捣鼓出来骗你们的。     你们眼见的不一定为实，更进一步，你就会发现世界没那么美好。  哼，竟然让我知道猪猪是吃屎的。为了祭奠我栽在猪猪嘴上的那一吻，我也要毁了你们的世界观。  我还要告诉女生们，你以为一字马关车门技能都是那么炫酷吗？   错了，摔大屁股墩儿的大有人在。   再说，一字马关车门让那些腿短的妹子情何以堪，还不如开三轮的大妈啦！  还有我要对自己说，不管这个世界多么虚假和艰辛，选择的路，即便跪着走完也要面带欢笑。  我就是我，是颜色不一样的花朵。噢耶~    关注同名公号，了解更多精彩内容哦~
茶杯犬，可爱爆了,茶杯犬起源于美国，发展于日韩，并不是指某单一品种的狗狗。比较稳定的茶杯犬在5~7种，分别是：茶杯贵宾、茶杯约克夏、茶杯吉娃娃、茶杯博美等。   它们各个体态娇小，可爱到爆，有些甚至还可以装在杯子里。一起来看看这些缩小版的迷你狗狗吧，我就不信萌不到你！ 茶杯博美          茶杯吉娃娃       茶杯约克夏     茶杯贵宾
有一种熊可以握在手心，它没有任何熊的特点，只是名字里有个熊字,在忙碌的城市生活中，不少年轻人想养只萌宠陪在身边，却又因为没有充裕的时间来照顾他们，只能放弃，但是自从出现了鼠星人，这类宠物迅速成为了他们最受欢迎的萌宠。 其实，鼠星人这种宠物，花费少，吃的少，占得空间也小，照顾起来也简单，两只小眼睛水灵灵的，是非常萌的一种宠物。大家还记得，那只洗脸时，被主人调戏，然后一脸喜剧的小白鼠吗？  其实鼠星人也有很多的品种，我们今天为大家介绍的就是鼠类中体型较大的一种――金丝熊。 这便是这只金丝熊刚来主人家里的时候，四只小爪子立在那里，眼神有些茫然，不过很上照，一下子便被萌到了有木有？  主人帮它安置好了一切，粉红色的小屋子，终于可以有个温暖舒适的环境来度过鼠生了，看起来有点开心的模样？  金丝熊长的非常快，正常成年金丝熊体重在100g-150g，正好天冷了起来，主人拿了快布把它裹起来，金丝熊连耳朵都一起缩进去了……  等冬天真正来临的时候，主人又给它准备了棉花，只要把棉花放进窝里，金丝熊便可以自己把过冬的窝搭好，完全不用担心它会冷着，白天它会在窝里睡觉，主人是看不到它的，但是如果你用带有香气的食物去诱惑它，那么他会从窝里露出头来，寻找食物，有时候睁着眼，有时候闭着眼，多么幸福的鼠生啊……  兽医小明提醒诸位饲养金丝熊的网友，平常照看金丝熊时可以喂些面包虫、瓜子、板栗、杏仁等干货（最好不要吃人类用油盐处理过的食物），如果想给金丝熊补充水份，可以适当喂一些生鲜蔬菜，但是不要喂多，金丝熊的肠胃比较脆弱，容易腹泻。 如果你想跟你的爱宠亲密接触，最好是从背上捉住，一个拇指抵住下巴，喂他些零食，这样又萌又很难被咬。 图片来源于网络，如有雷同纯属巧合，有疑问可以联系兽医小明。
【泉城松鼠】红腹松鼠市场价格一般多少？季节不同差距为什么这么大？,红腹松鼠又叫赤腹松鼠，海南，云南数量最多。市场上出现的宠物红腹松鼠大多数来自海南地区。红腹松鼠幼崽全年基本都会有货，适应了高温，像魔王松鼠，雪地松鼠还有黄山松鼠一般在三月中旬到九月份才会有幼崽。过了繁殖期，这些市场上就只有大鼠，没有幼崽了。所以中间这段时间红腹松鼠作为唯一的松鼠幼崽价格跟肯定是最高的。下面详细给大家介绍些红腹松鼠全年价格的变化。  红腹松鼠松鼠多少钱一只。红腹松鼠的价格是多少？ 每年三月中旬到九月份红腹松鼠的价位在。二百左右（仅供参考，别被坑就行）具体的可咨询卖家。九月份往后价格开始上调，可以说是一周一个价了，大约到十月份价格会涨到四百左右。这时候松鼠幼崽只有红腹了，所以供货商肯定上调价格的。就跟冬天的青菜比肉贵，一个道理。  每年的十月份到二月份红腹松鼠的价位是最高的（四百多），东西都是一样的，它就是贵。不要问我为什么，因为厂长我不认识。  什么时候买红腹松鼠最合适，价格最低。 最低的时候就是松鼠幼崽大量上市的时候，魔王松鼠，金花松鼠，雪地松鼠，黄山松鼠还有外国的一些松鼠。这时候基本上都是统一价格。四月份到八月份。  红腹松鼠的饲养方法 1、环境：红腹松鼠适宜在20～30℃下生存，温度超过30℃就会中暑甚至死亡，在炎热的夏季要做好降暑的措施，冬天在野外会冬眠，但在温暖的家里则没有冬眠的必要。 2、喂食：红腹松鼠不怎么挑食，可以喂些瓜子、水果、胡萝卜、白菜等，如果懒得准备吃的，可以买现成的鹦鹉粮，因为鹦鹉粮的成分和松鼠需要的营养差不多。 3、磨牙：红腹松鼠是啮齿动物，门牙会不断生长，因此和养仓鼠一样要给松鼠准备点磨牙的东西，不然就容易得各种很惨的牙病，甚至会因此死掉。  以上给大家介绍了红腹松鼠的饲养方法，以及红腹松鼠价格在全年的一个变化，希望可以帮助到大家。
兔子吃蔬菜前必做的一步！少这一步就容易猝死！,最近有很多饲主咨询，兔兔老是拉稀怎么办？ 仔细询问后才发现，饲主基本上喂的胡萝卜和白菜， 食物中过多的水分摄取也是导致兔兔拉稀的主要原因。  严重的甚至可以威胁到兔兔生命！ 那么兔兔就不能吃胡萝卜和白菜了吗？ 并不是！  作为零食而言，不管是胡萝卜还是蔬菜，兔兔特别喜欢吃。 那么怎么吃才不会有问题呢？  方法很简单：脱水 导致兔兔不适的主要原因是在于食物中过多的水分， 兔兔肠胃短，对食物中的水分吸收效率差，这是主要问题。 只要做到脱水，哪怕是自然晒干，兔兔吃起来都不会出问题。  （对，就是这种，家用简单方便。官方微店有售） 为什么没脱水的蔬菜吃了有生命危险，兔兔还是会吃呢？ 兔子超喜欢吃有汁水的蔬菜，不但营养成分丰富，同时口感非常好。 就比如说胡萝卜、菠菜、西兰花、甘蔗。 等兔兔吃完发现身体不舒服的时候。 好吃的蔬菜已经下肚了，后悔也来不及。 所以需要我们的帮助，在这之前就给蔬菜脱水， 让兔兔吃好的同时，不后悔。  哪些是一定不能喂的？ 甘蔗一定要是甘蔗干晒干或脱水后喂， 直接脱水会导致大量的糖分锁在甘蔗内， 兔兔摄取太多糖分也会对身体不好。 其次容易胀气的零食也少吃， 比如西兰花、土豆、果仁这种。  特别提醒： 蔬菜虽然兔兔是可以吃的，但始终是零食， 占兔兔一天5%已经算很高的比例了。 平时的主食还是无限供应的牧草和15%的兔粮。 这样兔兔才会健康长寿。爱兔兔，就让兔兔活的更加舒服。  这样才是合格的饲主。 还想了解更多？ 请短尾星球订阅号和短尾星球微博哟 你身边的资深养兔人！
【YL宠缘】黄山松鼠价格多少，黄山松鼠多少钱一只?,本文章由YL宠缘分享。首先黄山是松鼠较为黏人的一种。黄山想要特别亲人的话最好还是从未睁眼的奶鼠着手喂养。需要主人特别的上心。现代人们把松鼠一当做了一种宠物养，松鼠的种类不同，其价格也不一样，人们喜爱的种类也不一样。下面来介绍下黄山松鼠的价格以及简单的饲养。  黄山松鼠来自安徽黄山的一个鼠种。这种松鼠喜欢栖息在树林中，它们长的比较普通但不脱俗。身体矫健四肢轻快的黄山松鼠非常敏捷机警。目黄山松鼠前主要分布在安徽，浙江，湖北等地。 下面给大家介绍一下黄山松鼠的市场价格多少？一年中黄山松鼠价位的一个变化。 黄山松鼠多少钱一只？ 黄山松鼠要比魔王松鼠上市的早，魔王松鼠幼崽上市之前黄山松鼠的价位在200到300之间，二月三月这个阶段。因为这时候松鼠数量很少。所以价格很高。到了四月中旬魔王松鼠幼崽大量上市，价格下调。黄山幼崽也多了，这时候价位在150到200之间。持续到八月份，幼崽陆续结束，黄山价格基本稳定。一百五到二百之间。这就是全年黄山松鼠价格。每年如此。 下图是黄山松鼠幼崽  黄山松鼠幼崽应该如何饲养？从哪里可以买到？ 人工饲养松鼠的饲料分青饲料及精饲料两大类。青饲料主要包括有：胡萝卜、空心菜、各类新鲜水果以及其他新鲜蔬菜等。精饲料包括有：麦麸、玉米面、豆粉、谷物等，外加少量食盐、酵母粉、骨粉、蜜糖和微量元素。可以做成颗粒干饲料。  不宜食用肉蛋类食物，对肠胃消化系统影响很大。不宜生吃的蔬菜：胡萝卜，土豆，豆角类，姜葱蒜，辣椒等。不宜多吃的果蔬：白菜，油菜，生菜，莴笋，藕，黄瓜，西红柿，茄子，香蕉，橘子，西瓜，梨等。 不宜吃腌制的干果，果脯，未成熟或加工后的坚果类，不易消化。  以上给大家介绍了黄山松鼠的价格的一个变化。仅供参考！！
【YL宠缘】雪地松鼠比魔王松鼠亲人吗？两者区别在哪里？,养松鼠的朋友都知道雪地松鼠价格是松鼠中最高的。特别是每年幼崽的价格，上千元。真是那种想养而又买不起的松鼠了。真的是松鼠中的贵族了。那么雪地松鼠跟魔王松鼠的区别在哪里？是雪地松鼠比魔王松鼠更亲人吗，为什么差距这么大？下面就给朋友们讲一下了。  雪地松鼠比魔王松鼠亲人吗？ 不存在的，雪地松鼠跟魔王松鼠从外形体积上基本几样，唯一不同的是雪地松鼠的基因非常稳定。基本不会出现杂毛，夏天红色，冬天白色。非常的漂亮。这也是雪地松鼠的主要卖点，说白了，就是漂亮。跟寿命亲人度没有区别。像魔王松鼠基因特别咋比如有三色，黑色，红色一说。为什么雪地松鼠比魔王松鼠价格高，还有一天就是雪地松鼠的数量很少，国内没有几个养殖场，物以稀为贵嘛。所及价格就高了。还是以上就介绍了雪地跟魔王松鼠的区别。个人建议如果不是特别喜欢，建议不要养雪地，唉~贫穷限制了我的思想，同贫。  给大家介绍一下雪地松鼠的训练方法通用的任何松鼠都可以使用。 假如您的松鼠是从小养大的，那么您就不需要去考虑它是否亲人这个问题。假如您的松鼠买来就是大的话，那么您要做好思想准备，驯化是需要一定时间的。一只大鼠到手，首先不是直接就喂它们食物，而是要让它们安静下来。熟悉环境对松鼠来说是至关重要的。新到家的大鼠往往处于非常紧张的状态，大家也知道松鼠是非常胆小的动物，长期处于紧 张状态会严重影响它们的健康，严重的会引起死亡。给它们一个安静的环境，每天您要做的事就是定时喂它们，不要去尝试抓它们。  一开始每天看它们的时间不要过长，最好是等它们吃完食物后再去看它们，等到松鼠看到你没有过激反应的时候，可以尝试用手去喂它们。刚开始用手喂的阶段不要打开笼子的门，隔着笼子一颗一颗的喂，其间可以发出一些简单的口令，比如“吃”“来”或者叫它们的名字，让松鼠产生条件反射。注意：过于复杂的口令松鼠是听不懂的。这样喂一段时间后，就可以尝试打开笼子给它们吃东西，不过打开笼子前先把门窗都关好，防止它们逃走。在松鼠吃东西的时候，可以轻轻抚摸它们，让它们适应适应你的手，其间动作不要过大过快，不要尝试去抓它们。以上这些您都做到了，那么您已经初步驯服了一只松鼠。对于一只初步驯服的松鼠，您要做的就是尝试如何让它们和您互动。这也是一个很关键的问题，也比较有挑战性。  以上介绍了雪地松鼠跟魔王松鼠的区别以及松鼠的一个简单的饲养方法。希望可以帮助到大家。
星战大战的仓鼠,
【泉城松鼠】会飞的松鼠叫什么，蜜袋鼯价格多少？,现在流行什么宠物，什么宠物最萌，那个会飞的松鼠叫什么？养宠物就养蜜袋鼯。相信每一位玩家在领养蜜袋鼯前，都憧憬着自己家的蜜袋鼯也像其他玩家的小蜜一样，可以在主人身上寸步不离，在远处一伸手就飞到主人身边呢？对的会飞的松鼠就叫蜜袋鼯。  如何让小蜜更加亲人？ 对于新玩家来说，首先要明确，并不是接收越小的蜜袋鼯就越亲人，这只是某些人为了一己私欲的说法！过小的蜜袋鼯，由于提前就要断掉母乳，所以会营养跟不上，没有经验的新手玩家容易导致小蜜挑食，挑食会影响小蜜的性格。因此，接收出袋两个月的小蜜最佳，不用担心小蜜会不亲人，成年的蜜袋鼯一样可以很亲人，重点在于主人花的心思。 在小蜜来到身边之前，准备好洗干净又贴身睡过的袜子若干，如果已经接到小蜜了，现在睡也不晚~将袜子放在笼子中挂起，如果温度较低，可以将袜子放在准备好的睡袋中，让小蜜初步熟悉主人的气味。  在晚上，小蜜比较活跃，或者刚来害怕时，小蜜都会尝试探知袜子的气味，小蜜累了会自然的爬到睡袋中或袜子中休息，但为了保证安全，小蜜会在睡袋或袜子上留点气味，所以刚开始要勤换，时刻让小蜜闻到的是主人的味道。 在小蜜知道有主人的存在后，每次给小蜜喂食尽量用手指喂食，用手指沾些食物给小蜜；或在睡袋中放上一些小蜜能吃的食物，避免小蜜嘎嘎。(具体食物按照蜜袋鼯年龄所能吃的不同食材而定）  在白天，蜜袋鼯睡觉的时候会容易放松警惕，是对玩家最有利的时机，轻轻将袜子或睡袋拿出，握在手里，如果小蜜被惊醒，不要怕，用袜子或睡袋捂住小蜜，让小蜜在其中的空隙减小，一段时间会帮助蜜袋鼯平静下来，并且让小蜜知道，反抗是没用的。熟睡的蜜袋鼯身边充斥主人的味道，会让蜜袋鼯下意识里认为这个味道是很安全的，可以让蜜袋鼯养成依赖性。  蜜袋鼯价格多少？ 我国的蜜袋鼯现在主要还是依靠进口，因此价格上还是比较昂贵，市场价格大约是600元左右一只，喜欢的朋友也可以多去宠物店看看，这种宠物市场上数量是有限的。而且蜜袋鼯是群居生活，因此一般要买两只才容易养活，假如单单只养一只那么可能就会出现自残现象或者绝食。 当然蜜袋鼯价格也跟颜色有关？下面给大家介绍下国内常见的蜜袋鼯颜色价格。 首先就是灰白色一般价格在600左右，然后就是马赛克蜜袋鼯市场价格3000左右纯白蜜袋鼯三千左右。奶油红眼蜜袋鼯一万左右，一般母比共要价格高些。  最近大家蜜袋鼯滑翔的视频可以说在网上已经疯传了，大家都叫它会飞的松鼠，哈哈。学名叫澳洲蜜袋鼯，来自外国的小家伙。以上介绍了新手蜜袋鼯的的饲养以及蜜袋鼯价格，新手朋友可以参考下。
【泉城松鼠】土拨鼠好养吗，土拨鼠的饲养方法？,现在越来越多的家庭出现了土拨鼠的身影，他们外形呆萌可爱。下面给大家介绍介绍介绍土拨鼠的饲养方法。  土拨鼠，俗称旱獭，属于啮齿类动物。土拨鼠虽然看起来又胖有憨、呆头呆脑的，给人的感觉就是一个不折不扣的大吃货，但事实并非如此，土拨鼠是一个典型的素食主义者，他对于食物没有什么要求。主要以素食为主，食物大多为我们生活中常见的蔬菜瓜果：苜蓿草、莴苣、苹果、豌豆、玉米及其它蔬果都可以喂，不挑食。土拨鼠的采食量随着季节的变化有一些变化，一般日食量为300--400克。  土拨鼠是啮齿类动物，因此它喜欢啃咬东西，所以在选择食盆的材质上，要避免选择塑料或其它容易被啃食的材质。可以选择陶瓷或者不锈钢的，有一定分量不容易被打翻。土拨鼠的喂食除了给他吃水果蔬菜，还可以喂一些饲料，建议给它饲喂兔子的饲料而不是鼠类的饲料，这样可以减少它患心血管疾病、体重过高和内分泌失调等的概率。其他对于食物并没有什么特殊的要求，只要每天供应的食物和水果是新鲜的就ok啦。  土拨鼠的饲养温度，两个月大小的土拨鼠晚上要特别注意保温，尤其是温度较低的北方地区，温度过低容易导致它受凉感冒，所以主人晚上要多给它铺一些垫材，注意保暖。而白天则要注意空气的流通。夏季的土拨鼠幼鼠要注意防暑降温，过高的温度会引起中暑，这对土拨鼠来说是致命的。 主人要帮它降温，应该让室内保持空气流通、白天在窝内多放一些凉爽的物品，如装有凉水的瓶子或者瓷砖。  最后要说的就是土拨鼠的小窝了。关于土拨鼠的小窝，我们可选择市面上土拨鼠专用的饲养箱，饲养箱的选择要尽量的大一些，如果饲养箱太小可能会造成他们精神紧张，也会因此而减少运动量，导致发胖。再一个就是饲养箱里的垫材了，土拨鼠的垫材有很多种，可以选用木屑、锯末、干草、碎布等，报纸、杂志最好不要使用，上面的油墨会对小动物的健康有一定的损害，猫砂也是不错的选择。这些垫材可以充分吸收排泄物的水分和异味，让它觉得更舒适。饲养箱的安置要尽量避开家中的其他宠物，避免阳光直射，注意通风。  如此萌宠，既然领进家门，就要好好待它哦。
岛国有一只小仓鼠每天吃东西都要来个角色扮演，太可爱了！,
二哈是宠物界的戏精？我猪猪表示不服！！,先看视频  这是一位来自泰国的网友家的二哈~ 网友带它去打针， 针还没扎进去， 你就给我发出杀猪般的叫声？？！       妖子想说： 奥斯卡差你一座小金人！   用一个成语来形容的话， 那就是   是的， 我们猪猪确实很聪明， 一点儿也不比其它宠物差的~     握手   铺地毯   套圈   甚至还会过路障！！  跪着走路！     大招来了！ 升国旗！！   
掌心中的迷你兔，心已被萌化,差一点我们就擦肩而过了！ 有趣、有用、有态度，萌宠让生活更有趣！ ---------------------------- 迷你小兔纸 我的心被这些迷你小兔纸萌化了  软软小小的，躺在掌心中    兔子是很适合家养的宠物， 性格温顺乖巧，容易与人相处。   宠物兔种类有许多种，侏儒兔、垂耳兔、长毛兔、安哥拉兔等等。因此，决定要养一只小兔子前，要细细研究具体想要哪一种的兔纸。
虽然天生小脸，但它也是表情帝哦,差一点我们就擦肩而过了！ 有趣、有用、有态度，萌宠让生活更有趣！ ----------------------------  虽然刺猬全身是刺，眼小鼻小嘴小脸蛋小，但它的小脸上表情可不少呢！  起床啦~  不给我吃东西是想怎样？（怒）  闭着眼享受的表情真陶醉呀  好舒服但好痒痒痒痒痒痒  剪指甲，一秒变脸  刺猬：他们说我的脸会透露秘密，不要看我不要看我，我要藏起来，你就不知道我把吃的藏哪了
龙猫健康等级标准，你家宝宝达标了么,差一点我们就擦肩而过了！ 有趣、有用、有态度，萌宠让生活更有趣！ ---------------------------- 龙猫日渐成为一种深受人们喜爱的宠物，那么你想要的你的宝宝总是光鲜亮丽，可爱逗趣，矫健如飞，出门拉风吗，如果是，那么健康无疑是最重要的前提，是你最需要关注的事情之一，今天我们罗列了健康龙猫8大标准，赶快比对比对，是不是你家龙猫健康到几级啦！  一级：活泼，好动，跑跳动作灵活，顺畅，走路不摇晃。(达标了那么就是基本健康咯。) 二级：体毛细，浓密，均匀，吹开以后无裸露的皮肤或头屑状物，尾巴毛稀硬，无缺毛或头屑状物。(缺毛的龙猫可能有真菌或咬毛症。)  三级：好动，但不夸张，正常玩闹后，能停下来。无咬毛，狂躁，疯狂窜跳，撞笼子的现象。(龙猫白天睡觉，胆小的龙猫在生人靠近后，短时间的慌张窜跳，发出叫声，甚至害怕掉毛均属正常现象。) 四级：龙猫眼睛周围无眼垢，无红肿。(有许多黄绿色眼垢，或眼周红肿的龙猫，说明龙猫宝宝眼睛有炎症了。)  五级：肛门干净，无稀便或脏物。正常龙猫粪便应该较硬，成半厘米左右长的椭圆形，黑绿色或黑褐色。(软便，稀便，肛门有污物的龙猫或患有消化疾病。) 六级：周身无破损、血迹，尾巴上翘，四肢对称且没有畸形，能正常张嘴吃东西。(这样的龙猫肯定无骨折、外伤。)  七级：能够正常排便，排尿，无尿频，随时叽咕尿的现象。(先天尿频，不能顺利排尿的公龙猫可能无法生育。) 八级：两颗门牙长度相同，呈黄色，能被嘴唇盖住，无露齿、流涎的现象。(牙齿过长，成白色，流涎的龙猫无法进食，可能有牙龈炎。断齿，但牙根还在的龙猫，牙齿长出后是没有大问题的。) =================
“猪博士”告诉你为什么不能买IphoneX！,"Iphone8上市了...这一次一下来了两个， Iphone8和IphoneX， 注意纠正一下这个不念“爱疯叉”， 人家是“爱疯10”的简称， 这就意味着：从8跳到10， Iphone9直接消失了... Iphone9：？？？   昨天发布会刚结束，一大批网友开始吐槽了――   当你看见Iphone X的价格。。。999美元起。。      请选择Iphone X的支付方式  当你看到Iphone 8  当你看到Iphone X  当你看到Iphone X价格  当妹子卸妆后发现Iphone X无法面部解锁。。   建议我们女生别买了， 化完妆录的脸部识别， 半夜想玩手机还得跳起来补个妆？！  还有网友说：    当你女朋友跟你说：   你瞅了一眼屏幕,支付成功...   完了完了，看到这想给男朋友买一个... G？不对，我没有男朋友啊...  以后很多男人睡觉都会―― 只漏鼻子   或者只漏屁股   避免女朋友在你熟睡时拿你的脸解锁手机。。。    从此又多了一项家庭矛盾―― 离婚原因   其实Iphone X买了真的不好啊， 万一我手机丢了...    其实啊，妖子觉得买不买Iphone 8根本不重要！ 重要的是日子过得开心就好！人活着一定不要太虚荣！！"
猪猪今天告诉你：99%的人都不知道的事儿！！,发在文章前的两只表情包，送给大家~     下面妖子来给大家普及一些99%的人都不知道的事情―― 据统计，世界上喝过水的人     上班吃外卖，对身体特别不好！     橘子和牛奶，千万不能配在一起喝！！因为    空腹的时候，千万不能吃东西！！      并且――     警告！！     这些水果！！   熬夜真的很不好！！      最后， 教大家一个实实在在的生活小窍门： 衣服上有油渍，很难清洗掉，很多人为此头疼~ 事实上―― 
茶杯狗，你以为他很萌，其实是一场噩梦....,这个叫做帕丽斯・希尔顿的女人 最近又出来晒她的狗了 她花费8000美金购买了一只茶杯吉娃娃   帕丽斯还在想狗的名字 要么叫Diamond Baby（钻石宝贝） 要么叫lovebug(小心肝)   然而这只狗狗只有12盎司重   据说，纽约有家专门出售茶杯犬的宠物店 帕丽斯是花8000美金从那里买到 自从买来这个小狗之后 帕丽斯一刻不停的在网上晒狗的照片   就连出门，也都要带上它   其实，这已经不是第一只帕丽斯拥有的茶杯狗了   她对这种迷你小狗情有独钟   之前就经常拍到她跟茶杯狗一起出现的照片     2013年，她在一次采访说上自己拥有35只宠物 其中一部分就是这种茶杯狗   虽然，这些茶杯狗跟着她似乎日子过得不错   吃得饱穿得暖，还有豪宅住   但是 这些茶杯狗真的幸福吗？ 自从养茶杯狗成为一种流行后 越来越多的人想要拥有一只萌萌的茶杯狗   如此小巧的身材，配上一双大眼 简直不要太萌啦 但是，茶杯犬的背后 却是一个实实在在的悲剧！ 在AKC犬种库里，是不存在“茶杯犬”这个犬系 那么，茶杯犬是怎么来的呢？ 答案是，狗贩子为了挣钱 通过各种方式培育出来的。   很多人不知道这些萌萌的外表下 它们经历了什么 一些国外组织披露 它们通常来自这些肮脏的幼犬繁殖场   由于茶杯犬巨大的市场效应 导致坊间狗贩子为了牟利 通过各种不堪入目的手段来批量制造茶杯犬   最常见的几种方法有： 限制饮食，饿不死就行； 打缩小针；吃减肥药； 培育只以体型大小作为标准，而忽略其健康 这样培育出来的茶杯犬，先天上就是体弱多病 这么做是为了让它们能看起来更小，更“可爱”   一些茶杯狗的妈妈被强行进行剖腹产 而让这些狗狗强行早产 在没有发育成熟前就离开母体 这样才能让体型更小   这些茶杯狗没有完全发育好 就变成了黑心繁殖场赚钱的工具 它们的心、肺，都很小... 为了保证全身的血液循环 它们的心脏只能跳得很快... 心脏问题随之而来...   不光是心脏，它们几乎所有的内脏都在超负荷运作 它们有的会呼吸困难，骨头也很脆弱   正因为如此，茶杯狗的寿命也比一般的狗要短 因为发育不全，很多对其他狗来说很普通的事 它们都没法做… 胃很小，每次吃不了很多东西 它们需要早中晚每四小时被喂一次食 还很容易生各种各样的病   刚开始的新鲜感过去后 茶杯狗对很多人来说也就成了麻烦… 它们很少运动 也很少有机会跟其他动物交流 狗是社交动物 这样的生活显然不是它们想要的...   就为了人们眼中的“可爱” 它们被强行培育出来 经受了这一切本不需要经历的痛苦… 真心爱狗，就别买茶杯犬！
我们为什么喜欢吸猪？,有没有人想过这样一个问题： 你和猪猪的“孽缘”是从哪张照片开始的？   好了好了， 开玩笑的， 换个说法： 你是因为哪张图片开始喜欢萌猪猪的呢？ 不准说红烧肉！    妖子先来：   妥妥的~ 这张照片让我突然觉得， 猪猪 也是 有灵魂的！ 但是有人知道这张照片的本尊是谁吗？ 它可是ins上最火的猪界网红之一―― Hank   正是在下  翻了翻它的ins， 哦~不， 应该是它主人的ins，  这是它小时候的高清无码萌照――    还有这张最经典的“笑出猪叫”~   现在稍微大一点之后， 没有以前可爱了， 但是这个脸不知道为什么突然一副苦大仇深的样子~ 丧丧的脸， 看起来莫名的有点儿萌。 依然深得妖子的心啊~     看完长大后的hank， 总感觉....  接下来 妖子还想介绍一位新晋网红~ 来自ins@stellamaxpig的网红小猪猪~ 然后来看看它的美颜盛世吧~       体型较小的它跟主人在一起相处的画面， 也是形成了强烈的反差萌~         看完了妖子的两位“心头好”， 各位的血槽..还好嘛？ 看完可以私信妖子你最喜欢的猪猪照片， 有可能下一期你的“最爱”就是主角哦~
家里的鹦鹉老是叫不停怎么办？让鹦鹉不再尖叫的方法,"差一点我们就擦肩而过了！ 有趣、有用、有态度，萌宠让生活更有趣！ ---------------------------- 一旦家里有了一只鹦鹉就会声音不断，很是欢乐，但是鹦鹉本性就是群居的动物，一旦感觉被忽视了，就通常采用用叫声来当做沟通的工具，如果方式不对，常常会引发持续的尖叫。那么面对这样的情况，可以通过以下方式制止鹦鹉的尖叫。  1、分散注意力，多放一些鹦鹉喜欢的玩具，其他例如影片，收音机之类，可以每天定时让鸟听收音机的习惯。 2、设定固定的时间陪他玩。宠物就是要“宠”的，如果总是泠落他，相对的不良行为问题就会产生。当然，宠不等于溺爱，请不要让鹦鹉有过多的陪伴时间或是自由出笼进笼，除非你有把握往天天都能有那么长的时间陪他。  3、试着转化他的叫声，如果是会说话的，让会学说话的鹦鹉用名字或是其他简单的问候用语来代替。如果是比较难学说话的，例如金太阳，可以用口哨声代替。 4、用食物进行诱导。当连续尖叫时，不要去看他，或是响应他，否则下次鹦鹉就知道这种方式可以吸引主人的响应。相反的，当停止尖叫时，给与口头或食物的奖励。  5、不要采用大叫或是打的方式，通常只会换来一小段的平静或是更大的回响。鹦鹉跟人不同，不懂处罚。 6、可以采用盖黑布或关灯的方式，但不总对每只鸟有效，每次不得超过十分钟。  7、有些鹦鹉的连续尖叫只是要知道主人是否安好，在他还没养成这个习惯前，试着训练与他建立联系方式。 比如不管主人不论是在做家事，或是上网冲浪，如果不在在他视线范围内时，可以采用独特的招呼方式呼应,这样既可以防止连续尖叫，也可以增加主人与鹦鹉之间彼此的感情。 ================= 宠加 - 爱宠让我们更恋家"
换季之后的你，是不是跟它们一样？简直全中!,“做一只有态度的猪”  盼星星盼月亮， 今天终于下雨了， 虽然早都入秋了， 但是今天终于感受到了秋季的凉爽！！ 换季啦！           其实换季花钱并不可怕， 可怕的是， 天一变冷，嘴更馋了~      不仅嘴馋， 还懒~  换句话说就是， 拖延症晚期――          具体表现为――  什么时候减肥？  什么时候起床？  什么时候睡觉？  什么时候出门？  什么时候复习功课？  什么时候有钱？  什么时候吃东西？  什么时候放假？  是的，这些妖子全中了。。。 温馨提示： 天冷加衣哦~
全日本最丑仓鼠选拔，你还要养仓鼠吗？,如果你觉得养猫和狗的挑战太大 那就有人会告诉你 “养只仓鼠吧，又小又萌的”  但今天学习菌就整理了一波 绝不让你养仓鼠的照片 震碎它在你心中可爱到融化的形象           前方高能 图片过于凶残，老铁们慎滑 . . .      ▲ NOOOOOOOOOOO!  ▲ 龟派气功！！  好吧这是一场假选丑真晒可爱的比赛 毕竟仓鼠本身就那么可爱 不管干什么都让人觉得可爱    -END- ――――――――――――――
宠物兔喝水的理由，真的不简单！,很多人第一次喂养兔兔，都不会给兔兔喂水喝，经常觉得兔兔吃青菜，水份就足够了。 但实际情况下，这么喂养，兔兔会经常拉稀，粪便不成形，对兔兔身体影响也很大。 那么兔子为什么要喝水呢？  主要是因为兔子的排尿机制上跟我们不一样，兔子的尿液是浓缩型，主要是标记领地的时候排放，特别是在野外对水分的需求其实很低。  野外的时候靠着植物和露水的摄取量就足够兔子的所需水分，更少会去河边饮水。这点就让很多人走进了兔子不需要喝水的误区。 误区一：宠物兔和野兔都是一样养的 野兔水分需求很少，同时肠胃也更加强大，在野外一次性吃的食物并不是很多。 而宠物兔不同，青菜只是零食，如果当作主食喂养，兔兔短时间内摄取大量的食物和水，会增加兔兔肠胃的负担，加上兔兔肠胃很短，大部分食物都会没吸收完而排泄出去，也就会导致粪便不成型甚至拉肚子等问题。 误区二：宠物兔不用单独喂水 虽然兔子的水需求量不是很多，但是在宠物兔中，实际需求还是很大的，特别是现在宠物兔基本都吃兔粮了，干燥的兔粮和牧草都变相增加了兔兔对水的需求，这个时候干净的饮用水就变成了兔兔的刚需。  误区三：兔兔的毛有保温隔热作用 兔兔是没有汗腺的，也不会出汗，所以散热基本是靠耳朵，耳朵有大量的血管和神经元，所以我们可以摸兔兔耳朵，但一定不要提或者揪。 同样，兔兔散热只有耳朵，也让兔兔更加怕热，夏天就更加容易出现中暑的情况，所以一定要在夏天让兔兔一起进空调房，这样兔兔休息就更舒服。  也可以给兔兔铺上降温板，让兔兔在阴凉位置休息，这样兔兔会舒服很多。 如果还有疑问？ 请关注短尾星球订阅号，你身边资深的养兔人，也为你解答一切养宠的问题。
此文有毒，谨慎阅读！多喝毒鸡汤，身心更健康！,“做一只有态度的猪”  首先给大家阅读一篇散文――  《不生气》 孩子惹您生气的时候，请静下心来默念：  女朋友惹你生气的时候，请静下心来默念： 朋友惹你生气的时候，请静下心来默念： 上司惹你生气的时候，请大声念： 成年人的世界里， 生活本来就是不容易的~ 鸡汤都听得差不多了， 然而并没有什么卵用， 真正能激发你的还是毒鸡汤――         最后， 来一个真正意义上的鸡汤吧！ 鼓励一下即将迎来十一小长假的上班族学生族们！ 你们辛苦了！     失败乃成功之母， 失败是成功的妈妈，  ？？？  读完这么多毒鸡汤， 有没有对生活更加充满了激情呢  其实妖子读完这些， 真是醍醐灌顶啊~ 瞬间决定不减肥了，
今天我改行了，要当段子手了...,"“做一只有态度的猪” 谁还不是小公举咋滴？  放心！我只是兼职一天段子手！ 我的愿望也不是世界和平！  有网友投稿说， 中午吃饭的时候收到一条骗子短信――   于是灵机一动， 回了个：  然后接下来就产生了这样的对话――      ..... 妖子只想说：  其实生活中处处皆段子， 你一定要有一双发现段子的眼睛~ 今天妖子要来当一回“段子手”了~  有时候一张图片就是一个段子， 来！让我们为下图中的网友配个画外音吧！     这尴尬。。而不失礼貌的微笑... 最可怕的是―― 然后地铁再也没有开过那一边的门....   对于两个吃货闺蜜而言， 好像浑身都是段子， 哈哈哈哈~ 让我们来欣赏一下这传说中的： 塑料花姐妹情！      还有这个图片， 昨天妖子看到的时候， 又好气又好笑   ？？？ 我们猪猪招谁惹谁了？？  但是妖子确实不争气的, 笑出猪叫...     最后是这个图片， 看完真是给跪了...  用我们猪猪女孩的话来讲就是：   还有位网友义正言辞的说："
今天我碰到了地域黑....,“做一只有态度的猪”  昨天妖子看了一则新闻，   内蒙古网友： 行了行了， 我们真正的内蒙古人都是―― 这总行了吧？ 也省了很多地域黑对不对？ 让那些网络的键盘侠、喷子们无处可说， 无人可怼！ 以后都省事儿了~ 这些话一出， 全国各地的网友都坐不住了， 纷纷开启自黑模式~  东北人首先坐不住了~ 纷纷表示： 互瞅一眼都掏刀！ 女生个个都是豹纹小貂皮~  我们广东人日常都吃老鼠蚂蚱水陆空三栖动物， 总之―― 福建人：？？？  我们胡建人骂人不是fuck， 是： 笑得时候都是： 还有一个最重要的就是： 日常躲广东人....  我们山东人那可是一出生就会开挖掘机~  我们江苏人可是传说中的学霸！ 陌生人发生矛盾都不打架的！  我们山西的孩子都是喝醋长大的~ 对了，  我们河南人： 要偷够一百个井盖才能算成年！  行行行，你们都赢了！  不过还是要说一下， 今天就是纯粹逗大家一笑， 不管别人怎么自黑， 大家都不要互相攻击地域黑， 因为我们都是善良可爱的一家人~
当仓鼠发现了自己被偷拍...,相信小伙伴们平时也没少「偷拍」自家的仓鼠，但当仓鼠发现了自己被偷拍，那气氛就尴尬了.......  把头伸向镜头系列 ： 你拍什么？不许拍不许拍！  （行，鼠哥憋凑太近，我怕...) 快给我交出「武器」！  （OK...我缴械投降...）  一脸严肃系列 ： 你在干什么？请看着我的眼睛回答  （不敢看.....) 偷拍前能告诉我一声不？  （行.....记得提前卖好萌...)  想要干架系列 ： 偷拍？？？我看你是欠揍！  （鼠哥，别动手...以后不敢了...) 把照片删掉！听见没有！！  （行...鼠哥请消气...）  一脸懵逼系列... ： 铲屎的，你在干什么？（⊙.⊙）  （没干嘛....我...给你拿零食去） 我就静静的看着你...  （憋看....心虚...) 鼠哥，不敢了，以后不敢了...... ----------
红腹松鼠跟魔王松鼠哪个亲人，红腹松鼠吃什么,红腹松鼠跟魔王松鼠是两个，一个生活在北方，一个生活在南方，适应的环境不同，但是喂食，饲养起来相差无异。很多朋友问红腹松鼠跟魔王松鼠哪个更亲人，下面就先介绍下红腹松鼠跟魔王松鼠的区别。  红腹松鼠跟魔王松鼠哪个亲人 红腹松鼠产地海南，外形特征背部褐色肚子是红色。魔王松鼠产地东北。外形特征背部黑色，肚子白色。魔王松鼠基因不稳定，又有三色，红色。冬天魔王松鼠有长长的耳毛，是根据季节变化，夏天就掉了。红腹松鼠全年无耳毛。 相对来讲红腹松鼠要比魔王松鼠的智商要高一些，比魔王亲人，体质比魔王好。魔王松鼠的优点外形漂亮。从小饲养起来的松鼠不管是魔王还是红腹都是亲人的。  红腹松鼠吃什么 红腹松鼠吃核桃、栗子等坚果是松鼠的最爱。咬开坚硬的外壳，对松鼠不但是游戏，也可以帮忙磨耗牙齿，所以最好经常喂食这类食物。家养的松鼠一般以壳斗科植物的种子为食，以人工饲料为主食，补充苹果等食物。夏秋两季也可以饲喂一点瓜果之类的食物，如黄瓜、西红柿和西瓜等。 40天一下喂面包苹果，如果鼠没有吃食物的能力就用奶泡一下面包。60天以上有独立吃食物的能力可以喂坚果类。  魔王松鼠跟红腹松鼠饲养起来相差不大，两者适应环境不同，所以根据自己的地区选择适合自己的松鼠。 以上详细介绍魔王松鼠跟红腹松鼠哪个更亲人以及红腹松鼠吃什么。希望可以帮助到大家。 微信qcss166
如何骂人才能可爱又解气？,“做一只有态度的猪”  今天妖子想要来教大家一个特殊技能―― 怎样骂人才能解气又显得可爱？ 换句话说就是：不失颜面又不会撕破脸~ 对，我们的宗旨是―― 只教坏的不教好的！ 包教包会！ 现学现卖！  只要在骂人的话后面加QAQ就会很可爱~ 举个栗子：     光这招怎么能行呢？ 还有这样的：       照这个节奏的话， 大家应该也学得差不多了吧？      最后， 现学现卖~   
焦虑症患者的日常：看完真让人焦虑啊....,“做一只有态度的猪” 我是猪猪侠，我的愿望是：世界和平。Peace&Love   你有焦虑症吗？ 看完下面这些焦虑症患者的日常， 突然觉得...妖子似乎也有焦虑症哦...   焦虑：  我：  焦虑：  我：   你和某人聊完天之后你在想什么――  5%――  10%――  9%――  1%――  75%――   你早上醒来洗漱对着镜子告诉自己： 今天绝对不焦虑了！ 然后突然想起来一件上周一你做过的丢人事儿。。。   你焦虑的不行，还强颜欢笑假装若无其事..    身处一个聚会， 而你谁也不认识――   会让我感到焦虑的事情――   我：哥们昨天已经仔细反复检查一百遍了！ 而且所有问题已经解决掉了！！ 焦虑：好吧好吧，但是.... 我：....你继续说... 焦虑：我突然想到一个面临的新的问题， 如果不管的话， 万一这方面出了问题， 我们至少要有20个需要需要担心的.... 我：   网友表示：
如何训练雪地松鼠，雪地松鼠能活几年？,如何训练雪地松鼠？首先选购雪地松鼠的时候，尽量选择四十五天大的鼠，这样的鼠有独立能力，不需要喂奶，第二四十五天的幼崽可塑性比较强，可以上手抓。训练起来也会省事很多。  如何训练雪地松鼠 一般都是瓜子做主食，每天一个核桃，几颗榛子，偶尔给点生燕麦片和玉米片（不是很喜欢吃），不定时给点时令水果，家里人吃什么就给点什么，西红柿，苹果，梨子、葡萄都很喜欢。蔬菜还没给喂过，怕喜欢干净，农药残留，水果可以削皮 另外雪地松鼠的训练，首先要看训练什么科目，所训练的宠物多大年龄；什么品种，不同性格的雪地松鼠训练方法都不同。  雪地松鼠能活几年？ 跟其他松鼠的寿命一样，雪地松鼠的寿命三到四年。时间长的六七年。松鼠的寿命是比较短暂的，松鼠不宜食用肉蛋类食物，对肠胃消化系统影响很大。不宜生吃的蔬菜：胡萝卜，土豆，豆角类，姜葱蒜，辣椒等。不宜多吃的果蔬：白菜，油菜，生菜，莴笋，藕，黄瓜，西红柿，茄子，香蕉，橘子，西瓜，梨等。不宜吃腌制的干果，果脯，未成熟或加工后的坚果类，不易消化。平时饲养一定要注意雪地松鼠的饮食。  以上简单介绍了雪地松鼠的饲养方法，以及雪地松鼠的寿命，希望可以多多帮助到更多的新手朋友。祝大家早日得到自己的鼠宝。 本文作者YL宠缘
袁隆平孕育了世界第一超级稻，苜蓿草可能成为下一个风口？,1149.02公斤！袁隆平团队超级杂交稻亩产创下新的世界记录。就最近报道称，袁隆平团队选育的超级杂交稻种：湘两优900（超优千号），就在2017年10月15日河北省硅谷农科院超级杂交稻示范基地中验收。平均亩产1149.02公斤，及每公顷产量17.2吨。创造刷新世界水稻单产最新的记录。  其中第一超级稻还不算亮点，新测试的海水稻才是亮点！ 全球有9.5亿公顷盐碱地，其中1亿公顷（15亿亩）在中国，2.8亿亩可以开发利用。袁隆平希望通过耐盐碱杂交水稻（俗称“海水稻”）的研发和推广让盐碱地像普通耕地那样造福人类。  看到这些都让我非常高兴，让我这个铲屎官也有大胆的想法，那么就是同样是植物，苜蓿草的产量是不是也可以提高呢？  为什么我会提出这个问题？ 其实原因很简单，现在兔兔吃的苜蓿草，不管在哪买，其实品质上都是中低档，对于幼兔的生长需求，其实可以提升的空间还很大。  其次，乳品行业对牧草的需求也非常大，牧草被称之为“牧草之王”，全国的奶牛吃了全国优质苜蓿草，其中70%的奶牛都吃的中低档次的牧草，而让苜蓿草提高产量，收益的不单单是我们的兔妈妈们，对于我国牲畜优质肉产量，奶牛产量和品质提升都有功不可没的存在。  目前我国喂养上，还是需要加入桔梗来弥补苜蓿草产量不足的问题。奶牛从单产量5000千克提升到8000千克，只用全部吃苜蓿草即可做到。主要的难题就是当前我国苜蓿草的产量。  而作为一个资深养兔人，更希望我们用户能在畜牧业饱和的情况下，能拿到更多的优质苜蓿草给兔宝宝们吃，这是我们最大的心愿。  更多关于宠物资讯，请关注短尾星球订阅号和关注短尾星球微薄哟，新鲜资讯一秒到手！
仓鼠学堂 | 教你识别仓鼠的肢体语言,仓鼠因为它的可爱和易于饲养越来越成为大众萌宠，但相对于猫狗，仓鼠是比较不容易和主人取得沟通的动物。但只要你仔细观察，就可以通过鼠鼠的肢体语言去了解它的情绪。 　　整理皮毛 　　仓鼠一般会在两种情况下整理自己的皮毛，第一种情况是在放松的时候，这时鼠鼠处于比较惬意的状态。另一种情况，是在主人抚摸它们之后，它们想把自己的气味再涂在身上（仓鼠喜欢自己的气味） 　　耳朵下垂 　　仓鼠耳朵垂下代表它这时的警觉性很低，正处于放松状态。当仓鼠警觉时，它们的耳朵一般会竖得高高的。因为仓鼠的视力不太好，所以一般是用它灵敏的耳朵来感知外界。  　　趴在地上 　　仓鼠爬在地方到处闻一闻一般是对新场所比较紧张，想闻一下周边的情况。 　　身体硬直 　　仓鼠在跑跑轮过程中经常会突然停下来，身体硬直不动，这是因为仓鼠在被人类驯化成为宠物之前，经常需要在野外跑很长的路，停下来是在确认自己到达了什么地方以及周围的环境，这个本能在宠物仓鼠中依旧保留。 　　反身大叫 　　当仓鼠觉得受到威胁时就会摆出这种姿态。有时是主人突然伸手入笼把它吓到。当被同伴威胁时也会反身大叫。仓鼠几乎没有对抗敌人的武器，所以会翻过身来用4只爪抵抗。 　　爬到手上 　　当主人伸手入笼温柔地叫仓鼠的名字时，仓鼠爬到主人的手上就表示它今天心情不错。  　　咬主人的手 　　鼠鼠咬主人的手主要有两种情况，一种是因为不适应而害怕进而通过咬主人的手来抵抗。另一种情况是因为主人的手上沾有食物的味道，鼠鼠因为视力差以为那是食物。 　　咬笼子 　　仓鼠咬笼子一般是因为空间太狭窄（所以给鼠鼠住的笼子一定要足够大）或者磨牙（所以需要给鼠鼠配置可供磨牙的物品）。有时鼠鼠咬笼子也可能是在“向主人提要求”，例如想出笼子玩一玩或者吃零食。  图片来源：视觉中国 www.vcg.com 　　来回走动 　　仓鼠如果沿着同一路线来回走动一般是因为精神紧张，如果出现鼠鼠来回走动这种情况时主人就要多加留意了。 　　激烈跑跑轮 　　有些仓鼠会用激烈跑跑轮的方式来宣泄它们的压力和不满。 　　鼻子动个不停 　　仓鼠的视力不太好，所以会通过听觉、触觉、嗅觉去填补视力的不足。当它鼻子动个不停时，通常是表示鼠鼠在侦查周围的环境。 　　仓鼠的这些肢体语言你都领会了吗？ 　　------------- 　　【来源】微信公众号：仓鼠控联萌
如何训练红腹松鼠，红腹松鼠的亲人程度,红腹松鼠有多亲人？可不可以养到跟小狗一样，松鼠没有狗狗的智商，想养到跟狗一样是可遇不可求的。红腹松鼠的亲人程度能到达什么样子，红腹松鼠从四十天左右大的幼崽开始养，有耐心多与他互动，他是可以跟着主人跑的，可以呼知即来。下面主要给大家讲下如何训练红腹松鼠。  如何训练红腹松鼠，新手必知。 40天左右的红腹松鼠：是最容易驯养的，喂食的时候必须用手抓着松鼠，这样能够让其认识你。然后平时要多把松鼠放在自己手上，多抓抓它，让它习惯被你抓。因为这时候松鼠小不会反抗，很容易养成习惯。　　 七十天以上的红腹松鼠：这个时候的松鼠已经有自己的性格了，特别是4月大的松鼠，如果自己养的还好，直接买来就是3月或者以上的大鼠，基本是很难驯服的了  红腹松鼠的亲人程度 训练也相对容易，不用拿着吃得到处引诱，你的手就是最好的诱饵。放它在柜子上，手一招，立马奔你这儿跳。有一回没跳准，一跤摔地上，狠的~~~半天没动弹。下次再引，继续一往无前的跳，勇气可嘉。可这勇气只对于主人。放在院子里，趴在地上愣了一分钟，一回头又奔着大腿来了。成就高爆棚。
金花松鼠怎么养，金花松鼠吃什么。切记不要喂辛辣,金花松鼠是新型的家庭饲养宠物，很多新手朋友开始饲养它，却不知道金花松鼠怎么养，盲目的入手一只不就养死了。下面详细给大家介绍下金花松鼠的饲养方法以及金花松鼠吃什么，帮助新人少走误区，避免伤害小家伙。  金花松鼠的两颊内有两个富于弹性的袋子--颊袋。颊袋大得可以装进多达七个橡子，就像随身带着一个饭盒一样，它们可以把食物存在颊袋里，饿了，就拿出来吃一顿。金花鼠是极为爱清洁的动物，总是在不停地修饰自己。当冬天临近的时候，在树下觅食的金花鼠就少了，它们把越来越多的时间用在了自己的洞穴中。  金花松鼠怎么养 金花松鼠非常活泼，特别喜欢爬树，活动空间较为立体，应尽量选用宽广而高的笼子。 由于松鼠习惯在树上筑巢，应将巢箱安装在笼子的高处。巢箱可选用小鸟用而出入口在高处的巢箱代替。 松鼠的动作非常迅速，开关门时要注意，避免趁隙逃走。万一逃出时，若突然用力抓住，要避免被松鼠咬伤。  金花松鼠吃什么 松鼠似乎都以壳斗科植物的种子为食，但在大自然中也会食用相当多的昆虫，因此最好也喂食些动物性的食物。 胡桃、栗子等坚果是松鼠的最爱，咬开坚硬的外壳，对松鼠不但是游戏，也可以帮忙磨耗牙齿。最好经常喂食这类食物。如果以人工饲料为主食，还应另外补充苹果等食物。  松鼠虽然是杂食性的动物，但仍有东西是不能吃的，如果不慎吃到，轻则拉肚子、重则丧命，不可不慎哦！!辛辣(剌激性)的食物如辣椒、青椒、葱、蒜、姜、韭菜、九层培等。对松鼠来说过油、过咸，对健康伤害很大，特别是荤菜或者其它油性的零食切忌给松鼠。 微信qcss166
金花松鼠寿命，金花松鼠多少钱一只。50到150不等,金花松鼠是国内常见的松鼠，金花松鼠平均寿命在二到四年。松鼠的寿命都是比较短暂的。与其他松鼠不同的是，金花松鼠冬天会冬眠，说小金花冬眠，也会三四天爬出来吃点东西的，并不是一直睡。冬眠的时候最后不要去打扰他，不然会不长肉的。下面帮新手朋友解答金花松鼠多少钱一只，以及介绍下金花松鼠的习性与饲养  金花松鼠多少钱一只，新手必知。 金花松鼠主要分布在我国的东北地区 金花松鼠全国每个地区价格不定 主要根据环境因素 季节数量的多少 和 运输风险来进行涨跌的 金花的普遍价格在50-80左右。每年二月份到四月份价格稳定在150，头窝幼崽量少。所以价格高。幼崽的价格不会出现60以下的低价，三十到五十的价格已经成年的金花松鼠。 季节不同，价格不同。文章总结的是市场价格，不代表所有售价，仅供参考。  金花松鼠寿命习性以及饲养 松鼠似乎都以壳斗科植物的种子为食，但在大自然中也会食用相当多的昆虫，因此最好也喂食些动物性的食物。 胡桃、栗子等坚果是松鼠的最爱，咬开坚硬的外壳，对松鼠不但是游戏，也可以帮忙磨耗牙齿。最好经常喂食这类食物。如果以人工饲料为主食，还应另外补充苹果等食物。 松鼠的动作非常迅速，开关门时要注意，避免趁隙逃走。万一逃出时，若突然用力抓住，要避免被松鼠咬伤。  微信G887654t
仓鼠学堂 | 仓鼠笼摆放需要注意这5点,仓鼠属于比较敏感的小宠，有很多饲养的细节都需要特别留心。其中仓鼠笼的放置地点就十分讲究。 下面小萌就来说说：仓鼠笼放置需要注意的5个要点。 1、放在垫高的地方。建议仓鼠笼放在0.5~1米高的地方，这样不仅探望仓鼠比较方便，这个高度相对来说也比较干爽。 不建议直接放在地上，放地上很容易踢到，走路的脚步也很容易试仓鼠不安，地面上来去的灰尘也很多。  2、放在安全的地方。有些养仓鼠的小伙伴家里还养有其他小动物，这种情况就需要注意把仓鼠笼放置在其他宠物无法轻易碰到的地方。 即使有些宠物与仓鼠不一定会相冲，但仓鼠对气味比较敏感，其他宠物的气味可能会令仓鼠感到不安。 3、放在远离电器用品的地方。仓鼠能听到人类听不到的音波。所以放在电脑、电视、音响、冰箱等旁边容易使仓鼠情绪不稳。  4、不要放在窗边。笼子放在窗边容易被阳光晒和被风吹，仓鼠不能晒太阳，窗边温差大也会影响到仓鼠的情绪和健康。 5、不要放在出入口。大门或者房间等出入口人进人出，经常开门关门，很容易使仓鼠受惊。
好吃鼠传奇：仓鼠从来好吃，一片小菜叶，也够金丝熊享受半天,小仓鼠真的非常好养，一片小小的菜叶，它就能喜欢得不得了，能吃上半天。看金丝熊那乖巧呆萌的吃货样，你都忍不住想要去摸摸它脸颊旁塞满食物的储物囊。
仓鼠学堂 | 被仓鼠咬了怎么办？,在前文中小萌给大家介绍过怎么防止被咬（文章链接：【仓鼠学堂】如何让仓鼠不咬人），小伙伴们可以学习一下。 但如果一不小心不慎被咬了我们应该怎么办呢？本期小萌就来说说。 1、如果被咬得很轻微，没破皮或者只是微微破皮，这种情况一般不需要做特别的处理。  图片来源：500px.com 2、如果被咬之后有流血的话，首先要先把血挤出来，然后再用清水冲洗干净，实在不放心可以涂点酒精在伤口周围消消毒。 3、如果伤口做了处理但第二天肿起来了的话，就必须要到医院打破伤风针。  图片来源：视觉中国  有许多言论说被仓鼠咬了会得鼠疫或狂犬病，这纯粹是谣言。 据世界卫生组织（WHO）研究发现，类似仓鼠这类小型啮齿类动物几乎不会感染狂犬病，目前为止也无一例因为被仓鼠咬而得狂犬病的案例。 而鼠疫一般只存在于野生鼠类动物中，像仓鼠这种已经被人类驯养多年的小宠物来说，根本不存在感染鼠疫的条件。  最后需要提醒的是，当被仓鼠咬的时候，千万不要直接把鼠鼠甩开哦！（有过因为大力甩开鼠鼠导致鼠鼠死亡的案例，需引以为戒） ------------------ 微信公众号：仓鼠控联萌
蜜待鼯好养吗？蜜待鼯跟小飞鼠哪个好养。,你真的决定养蜜待鼯了嘛？还是....啥是蜜待鼯。  蜜待鼯好养吗？ 许多人可能还不知道这货叫什么就很想养一只，包括我！ 度娘说：蜜袋鼯(wu)是一种有袋动物，产于澳洲。舔食树蜜。身体两侧拥有滑行膜， 有利它们在树林间滑行。 坊间盛传：蜜袋鼯，特别亲人；喜欢一对对生活在一起；可以放在包包里带出去玩，很粘主人；会“飞”，能从很远的地方向主人飞过来；极易饲养，食物充足的情况下几乎不生病；简直是居家养宠必选生物。 今天YL宠缘老板来告诉你真相！  真实的蜜袋鼯什么样？就是照片里这样，这是我家歪歪，住家已经超过5个月。 黑暗第一条：特别亲人。骗子！！ 是谁说蜜袋鼯是不咬人的？那都是骗子！我们为了和它处好关系，在他还小的时候天天想和他靠近，他分分钟都可能咬你。 真相是：蜜袋鼯胆子非常的小，他们并不喜欢体型庞大的人类伸手把它们抓来抓去。而且他们并不特别贪吃，所以想利用食物跟他搞好关系，需要很长时间。他们不是像狗狗一样驯化式的亲人，他们只是喜欢群居，和人在一起时间久了会把人当作友善伙伴。但如果他判定你有攻击性（你不一定真的有）他们还是会攻击你。  这就是我看到的蜜袋鼯，一旦成为宠物就只能作为宠物的小家伙。一旦走丢或放生因为生活环境不同，他们没有任何野外生存的机会，所以他将是一个非常沉重的责任，一旦决定，千万不能离弃哦～ 蜜待鼯跟小飞鼠哪个好养。 小飞鼠又叫日本飞鼠跟蜜待鼯有很大差异，因为都会滑翔，所以也有很多新手玩家搞混。蜜待鼯的寿命要比小飞鼠的长，而且蜜待鼯要比飞鼠亲人。饲养起来都是差不多。既然当做宠物养，就一定要多陪他们，经常互动，不要把食物丢进去就不管了。  蜜袋鼯是有袋类动物中相当引人注目的种类，有袋类，顾名思义，就像袋鼠那样有个育鼠袋，许多人把它们与飞鼠混淆，但它们实际上是啮齿动物。以上介绍了蜜待鼯的饲养与蜜待鼯跟小飞鼠的区别。今天就先介绍到这里。
家有龙猫小能手，十八般武艺皆精通,差一点我们就擦肩而过了！ 有趣、有用、有态度，萌宠让生活更有趣！ ---------------------------- 我们可爱的龙猫大人除了卖萌之外，十八般武艺样样精通，我们看看它都会哪些技能吧~ 吉他小能手  架子鼓行家  小号手  会开车  还兼职做起了专车司机  会购物  会做菜  还会缝纫~帮美女做衣服那~  主银~我帮你也做了件，你试试看~  主银，旅游带上我~我行李都收拾好了  关键是，它还会撩妹！  ================= 宠加 - 爱宠让我们更恋家
仓鼠患上不治之症后，主人决定陪它好好度过最后的日子,Robin Williams 是只两岁多的仓鼠，不久前它被医院检查出患了不可治愈的肿瘤。主人决定在Robin Williams离开这个世界之前好好地陪它度过最后的日子。 已经步入老年的Robin Williams   Robin Williams平时一直都待在室内，主人决定带它出去走走。 第一站是芝加哥艺术学院  然后去到桥上看日落  这次是Robin Williams两年多以来第一次接触户外，看起来有点不适应呢！ 除了带它去外面走走外，主人还给Robin Williams准备了“颁奖仪式”，感谢它一直以来的陪伴。 给Robin Williams颁个终身成就奖  Robin Williams一直与家里的宠物兔兔关系都不错，在最后的日子里，主人不再用笼子把它们相隔开，而是让它们尽情地接触和玩耍。 和同一屋檐下的兔兔尽情玩耍   Robin Williams能活到什么时候还是个未知数，但主人决定在它最后的日子里给它最好的，比如给它吃芝加哥最好吃的热狗，给它拍个美美的小短片......  其实养仓鼠最揪心的就是仓鼠那短暂的生命，我们能做的就是在鼠鼠短暂的生命历程中尽可能给它最好的！ 愿每只仓鼠都能在短暂的鼠生中收获最好的爱！ ------------------------ 我们的微信公众号：仓鼠控联萌
蜜待鼯有什么缺点？蜜待鼯臭吗。,蜜袋鼯的娇小玲珑却并不是它们的优势：正是由于这一特点，美国兴起了饲养蜜袋鼯的热潮，特别是在今年初很多名人抱着它们出现在公众场合以后。幸运的是，蜜袋鼯在很多国家被当作外来动物，因此被禁止作为宠物在家中饲养。但在美国，除了加利福尼亚州，将蜜袋鼯作为宠物饲养是合法的。  蜜待鼯有什么缺点，蜜待鼯臭嘛？ 蜜袋鼯玩家都应该知道，小蜜对气味比较敏感，就像人一样，有些人怕痒，碰都不能碰，小蜜也是如此，对着小蜜吹气，使蜜袋鼯受到强烈刺激，像惩罚一样，长期不注意，会导致蜜袋鼯长期处于警惕状态，不爱亲人或更严重后果。 蜜待鼯臭吗？玩家饲养蜜待鼯基本是闻不到味道的，如果说蜜待鼯臭我只能说是它的粑粑有味道，小蜜本身是没有味道的，如果屎跟尿他自己拉在身上记得给他擦干净，不然你会闻到异味。饲养什么小宠物没有味道呢，包括狗狗。既然饲养就要了解蜜待鼯的习性接受蜜待鼯的缺点。  给蜜待鼯带训练绳 外出或锻炼蜜袋鼯亲人时不需要训练绳等拴住小蜜，小蜜不适应训练绳，会一直挣扎，想要挣脱训练绳，并且使用训练绳等有可能出现轻者在脖子处会出现勒痕，重者会勒到小蜜下鄂的牙齿，导致牙齿断掉；缠绕住蜜袋鼯、窒息等危险，蜜袋鼯熟悉主人味道后不会轻易跳跑。  如今蜜袋鼯越来越流行，养蜜袋鼯的玩家也随之增多。你不养只小蜜似乎就说明你out了！可这并不表示只要你养蜜袋鼯就一定会养好。因为就算你每天陪小蜜玩耍，或是给他们买了好多玩具，但是一些你不曾注意到的小细节或者坏习惯，可能彻底改变你家小蜜的命运！  既然饲养就要接受蜜待鼯的缺点，了解蜜待鼯的习性，也是对小蜜负责。最后祝大家玩宠愉快。
龙猫突然痛苦便秘了，怎么办？,差一点我们就擦肩而过了！ 有趣、有用、有态度，萌宠让生活更有趣！ ---------------------------- 如果某一天，你突然发现可爱的龙猫宝宝，便便变得又细又小，那么你一定要慎重对待，因为极有可能你家的猫宝宝便秘了哦！因为便秘严重时可是会致命的哦！  龙猫便秘症状：粪便变小变硬，质地变紧密，有时会变黑。严重时甚至会变得完全没有粪便排出。在便秘初期，龙猫无任何不正常的表现。便秘中期，龙猫开始食欲减退。便秘后期，龙猫除了厌食之外，还会精神不振。例如会蹲在笼子角落不动，有时可观察到双眼紧闭，拱背疼痛状，精神不振，呼吸急促。  因其龙猫便秘原因很多，饮食不当、天气变化、心情不好、环境变动、运动量过少、饮水量减少等都有可能。实际上没有绝对的什么方法可以彻底“杜绝”龙猫的便秘，但预防的方法还是行之有效的，可以尽量减少便秘的发生。那么便秘了怎么办？除了直接去医院进行治疗外，这些方法也要记住哦。  饮食调理最重要 需要马上停止零食，并将龙猫的食谱改为：“乳酸菌 + 新鲜苹果 + 苜蓿干草/草颗粒”。一定要保证龙猫有充足的草类主食，一天粮一天草，草的比例不能少于总体食量的二分之一。可辅助以高纤维的各种牧草作为配餐，比如提摩西草等都是很好的选择。而在饮水中可添加果汁，全脂奶粉，葡萄糖盐水，或者给它一些乳酪。如果在饮水中加入东西，那么要每天更换两次新鲜饮水，避免变质。  运动疗法不可缺 每天找一块比较空阔的地方，如床上让龙猫去遛达遛达，但不要剧烈运动，可以人为的尽量控制龙猫的兴奋程度，让他信步遛达半小时左右，再回笼子。  必要时加入理疗 如果龙猫便秘很严重，那么要加上理疗。可用热毛巾将手捂热，然后轻轻顺时针为龙猫按摩肚子。按摩肚子期间，用手轻轻、耐心的将龙猫的腹内小疙瘩（粪便结块）向肛门方向推动，缓缓帮忙挤出来，排出积便后有助于康复。 ================= 宠加 - 爱宠让我们更恋家
别再用“猪”骂人了！你应该用“猪”表扬她！,你听到的对胖子描述最多的是什么词儿？ “你看她胖得像猪一样~” “她的腿比猪――腿还粗！” “天呢，你怎么比猪还能吃？” “你怎么跟猪一样好吃懒做？” ... 今天 妖子要为猪猪正名！ 真的不要再这样说了！！ 猪猪表示――  自己拿自己的粗腿跟我比比， 我们猪猪的腿一点儿也不粗的好嘛！   是我的舞姿不够优美？  还是我的身手不够敏捷？  游泳没拿世界冠军？  马步扎得不够稳？  或许..我的屁股不够性感？  我可是从小就天资聪慧~  貌比潘安~    肤白~   貌美~  满屏都是大长腿！！！   好啦好啦~ 人家居然也学会了 亚洲四大邪术之一的――ps  害羞的躲起来~嘤嘤嘤   看了十八般武艺样样精通的猪猪， 小姐姐们，你们还敢骂别人像猪一样嘛？    所以.. 我们猪猪这么可爱， 以后千万不要拿我们猪猪骂人啦~
由相差40岁的爷孙恋引发的感想，男生追女生的误区有哪些？,之前因为年龄相差40岁的“爷孙恋”， 而备受关注的主角李坤城与林靖恩， 今天又一次回到了大众视线， 原因是因为女方疑似怀孕？！ 下图为两位主人公   这... 确实是爷孙恋无疑啊， 看到这里蛮震惊的... 妖子确实是有点儿接受无能，  不过这也只是牵涉到道德问题， 并没有触犯法律， 所以―― 仁者见仁 ，智者见智咯~ 但是说到男女之间感情问题， 很多男生追女生的时候总是觉得， 怎么这么难搞定啊？ 对于男生追女生， 妖子今天有！话！说！ 有几个盲区大家注意一下，  别刚认识一上来就表白！！  告白成功是你确定对方喜欢你才告白， 简单的说，告白只不过是捅破纸的方法， 但是并不能让你直接获得对方的芳心。 另外，男生要自信点，但是自信不等于自恋。 简单的说， 你要意识到你可以是个优秀的男生， 但并不代表所有人都会喜欢你。  别尬聊！别硬撩！ 通常女生最烦的几种聊天方式， 刚认识的男生――  女生此刻的内心――    不要过度自信！自我感觉太美好！！   女生此刻的内心――  当女生说到任何一个话题的时候――  女生此刻的内心――     不要查户口！  此刻的你――    最后给一个忠告就是： 不管怎么追， 用点心。    其实妖子觉得， 不管怎样， 长得帅就什么都好说了！！
未来养兔人会越来越幸福？,近日，对我们养兔人会越来越幸福的问题，注入了一发强心剂，作为一个资深养兔人截取了其中对我们养兔人直击心灵的几点，供各位兔宝宝们共勉学习哟。作为一个资深养兔人截取了其中对我们养兔人直击心灵的几点，供各位兔宝宝们共勉学习哟。 第一条：我国社会主要矛盾已经转化为人民日益增长的美好生活需要和不平衡不充分的发展之间的矛盾。 这点可以说是说道了我们群众的心坎里，想想我们养宠物，其实就是对标准家庭幸福美满的一个基本需求，甚至逐渐变成刚需。  不过就目前市场来说，只能说有宠物能填补我们家庭的空白，但配套的产业和设备其实还是有很大的差距的，我的国已经认识到这个问题并着手解决，也让我们做服务行业的能够更加大胆的往前冲，为用户解决其中的不平衡不充分的矛盾问题。  第二条：中国开放的大门不会关闭，只会越开越大。 我为什么会把这一条列出来呢？主要是目前的兔粮大多依赖进口，主要原因是国外宠物兔市场已经非常成熟，配套的兔粮也更加全面。我国开放的大门会越开越大，也为我们选购优质成熟的兔粮更加容易，选择也会越来越多，让国内宠物兔市场更快的成熟。  对于我们养兔人来说，最大的优势就是兔粮的价格会在市场开放程度加深中越来越实惠。换句话来说也是养兔的成本上会逐步降低，品质会不断提升，直接提升我们的幸福指数。  第三条：中国梦是我们这一代的，更是青年一代的。 中国梦来说，对现阶段的影响，已经不止于原来的中国梦，中国梦也会随着时代不断进步。我们年轻一代的中国梦，也是会实现的。  年轻一代基本过上小康生活，对生活品质的追求不断提升，对中国梦影响感受不那么强烈，但今后的我们也会沐浴在中国梦之中，切身感受到中国梦对我们生活实质的改变。  并且不要忘记！每一次的再出发，都要“不忘初心，方得始终”。  更多养兔资讯，请关注短尾星球订阅号和短尾星球微薄哟，一手资讯轻松到手。
好想养龙猫！该怎么挑选呢？,差一点我们就擦肩而过了！ 有趣、有用、有态度，萌宠让生活更有趣！ ---------------------------- 说了那么多篇怎么养，今天终于说怎么买了！ 龙猫并不存在好养或贱养，龙猫的性格与抗病能力等也基本与品种无关，不必太拘泥于龙猫的外貌和品种。每个人想买的品种都是个人喜好，共同的一点是最起码要是一只健康活泼的猫猫。那来看看应该怎么挑吧。  1、体短身圆，皮毛厚实浓密，分布均匀，向毛发吹气，吹开后无裸露可见皮肤。检查下全身有无伤口。检查眼耳鼻是否干净。排泄口是否干净，便便形状是否均匀。 2、走路、蹦跳的姿势是否正常、灵活。食欲是否旺盛。对声音等反应灵敏、好奇心强，是否活泼好动。  3、喜动，但不狂躁，能静下来。性格温顺，见到陌生人不乱吵乱叫，温和亲近人。 4、龙猫的五官，眼睛大而明亮，有神，无鼻涕，胡子呈弓形。门牙长度相同且呈黄色。四肢正常无畸形，进食正常。  5、不要买刚出生不久的龙猫，最好选3-6个月的龙猫。不建议买2个月以下的猫猫，过早脱离母猫容易出现健康问题，死亡率也较高。 ================= 宠加 - 爱宠让我们更恋家
茶杯犬很萌？可它们却承载着一生的悲剧,最近一位朋友抱怨，说他们家的mini贵宾腿又骨折了！ 这是自从养它以来第7次骨折！ 而且每次骨折的原因都是同一个，从床上掉落！ 真是哭笑不得， 要说狗狗是非常灵活善跳跃的动物， 怎么会连从床上蹦下去都会摔伤呢？ 原因就是，它是一只茶杯犬......  说到茶杯犬，大家并不陌生。 因它的体型超级娇小，只要一只茶杯就能装得下，因此而得名。  最近几年在世界各地的宠物市场上非常流行， 萌萌的小巧身材，搭配一双乌溜溜的大眼睛， 成为越来越多的人想要拥有的犬种。  可你们知道嘛？在IKU(世界犬业协会)犬种库里，根本不存在“茶杯犬”这个犬系！ 那么茶杯犬究竟是怎么来的呢？ 19世纪，世界上第一只茶杯贵宾诞生。 然而它的出现完全是个意外，它是基因突变而诞生的狗狗。 可是没想到，这场意外竟受到人们的疯狂追捧。  美国人借此看见了商机，为了牟取利益，通过各种不堪入目的手段来批量制造茶杯犬，至今茶杯犬已经形成了较为稳定的微小型基因。  他们常用的手法有： 限制饮食，最低限度在不饿死的状态下即可； 打缩小针； 吃减肥药； 在幼犬胚胎还没有发育成熟的时候，强行为狗妈妈剖腹产。  这么做就是为了让它们看起来更萌更可爱， 至于健康，从来不会列入他们的考虑范围。 它们的体型一般在20厘米以下，体重低于3.6斤。微小型茶杯犬的，甚至能低于17厘米，体重不足2.5斤。  茶杯犬并不是一种固定的品种， 目前比格、吉娃娃、约克夏、博美、西施等知名犬种的微型品种已被培育出来。  就是这些看起来萌萌的狗狗，你能想象的到，它们在未出售前，生活在什么样的养殖场吗？  这些狗狗没有完全发育好，就变成了黑心繁殖场赚钱的工具。  它们心，肺都很小。 为了保证全身的血液循环，它们的心脏只能跳得很快来维持。 可是时间一长，心脏问题就会随之而来。 而且不光是心脏，它们几乎所有的内脏和器官都在超负荷运作。 有的甚至会呼吸困难，骨头也脆弱的很。  它们一次吃不下多少东西，作为茶杯犬的主人，你需要每天多喂它几次，每次喂少量食物。  低血糖和难产是几乎每一只茶杯犬都会面临的疾病， 此外，心脏疾病、呼吸道疾病、消化系统疾病、骨折、癫痫等也是它们非常容易得的。  它们不能像正常狗狗一样散i，玩耍，跟主人撒娇...... 也正是因为这样，茶杯狗的寿命也比普通狗狗短得多，最长也只有10年左右。  如果一旦狗狗生病，高额的治疗费用，加上需要大量精力照顾，这种狗狗弃养率相当高！ 美国加州动物收容所的工作人员Verocina Perry说， “经常有茶杯犬被送过来，主人会抱怨它们一点用处没有！”  狗狗都是社会性很强的动物，它们需要外出运动和社交， 如果脱离了这些， 光是可爱并不能维持它们很好的生存。  相信很多拥有茶杯犬的主人，也把狗狗照顾的很好。 每天随身携带，甚至给它们专门做一个小别墅。 可它们终究不是自然生产的， 可爱的背后藏了很多不为人知的心酸。  要记住，它们是茶杯犬，但首先它也是一只狗狗。 它们失去了作为一个独立生命所能拥有和享受的大部分东西。
主子们晒出兔子丑照大赛，没想到兔兔颜面崩坏起来也一样好笑啊！,好个被丑照吓到的惊讶表情~最近从猫咪开始在推特上不断扩散的失败宠物照大赛，在看过猫的崩坏丑照后～给人印象比较没那么疯狂的小兔子其实也悄悄在推特上登场。不少饲主跟着晒出家里兔兔崩坏的照片，也意外让我们发现原来看似冷静的小兔子跟失控的狗狗猫猫一样也没有比较好拍嘛~ 谁说兔子没表情，崩坏起来表情其实很丰富！  啊啊啊啊啊啊啊...（抖）  结果其实只是在打哈欠  呕吐倒数中的醉汉  想捕捉兔兔的可爱模样，却拍到它翻白眼的瞬间（泪笑）  孩纸它只是熟睡罢惹   你瞅啥？？？   跃动感造就异生物的诞生...     halokitPET 如果你说这是猫，我应该也会相信    啥？说我丑？我不听我不听~王八念经~
这只日本超可爱金丝熊会变形？平摊变煎饼简直萌翻天啦！,个性温和的仓鼠一直是超受欢迎的宠物。最近，日本就有一只叫做油豆腐的可爱金丝熊仓鼠爆红了！它不仅长得呆萌，还有特别的技能，那就是“变形”！   睡累了伸了懒腰，真是超舒服呢。    活动活动手脚，一会儿再吃点零食吧。    油豆腐金丝熊还有表演天赋 ，看看这惊慌失措的表情，主人只是拍照而已，又没有把你怎么样。     halokitPET 变成小小一团，毛茸茸的超可爱。   瘫软在桌子上就像一块煎饼，相似度高达99.999%
为什么要喂兔子吃提摩西草？全是套路！,提摩西草是有着高纤维和低蛋白的特点，一举成为兔兔最合适的主草，草种的高纤维也能显著的帮助兔兔的肠胃蠕动。（图中并非提摩西草）  同时提木西草能很好的帮助兔兔磨牙，做好预防尿路结石、体重超重等问题，可以说是一劳永逸的选择。特别是兔兔生长到半岁之后，身体对蛋白质的需求会越来越少，这个时候主草做提木西草是再适合不过的选择。  然而... 这些都是非常正常的做法，但是你并不知道其中还隐藏着套路。 吃提摩西草的兔兔粪便也会变得很干燥，其中的纤维素含量非常高，质地也变得松散，有很高的营养价值。兔兔甚至可以二次进食，从粪便中汲取剩余的营养和热量。  然而... 提摩西草是兔兔能产望月砂的一个优秀条件。  望月砂是一味中药，同时也是我们常说的兔兔的粪便，但不是所有的粪便都能算是望月砂。 而吃提摩西草的兔兔，粪便就基本满足望月砂的要求。以下就是望月砂的药材性状，看看你家的兔兔有没有给你产宝贝呢~  药材性状：圆球形而略扁，长9-12mm，直径6-9mm。表面粗糙有草质纤维，内外均呈浅棕色或灰黄色。质轻松，易破碎，手搓之即碎成乱草状。鲜时有恶臭，干燥后无臭。味微苦而辛。 饮片性状：呈圆球形略扁。表面粗糙，有草质纤维，内外均呈浅棕色或灰棕色。质轻松，易破碎，断面凹凸不平，以手搓揉即呈草质纤维性碎末，灰黄绿色。气微，味微苦而辛。 铲屎官，还看什么呢，还不动起来找宝贝呀！  更多关于兔兔的资讯，尽在短尾星球微信订阅号和短尾星球微博，一手资讯，轻松到手。
为啥那么多人喜欢兔子？20张萌照证明兔兔是最可爱毛茸茸的生物啊,毛茸茸的兔子是很多人的最爱，越来越多的家庭喜欢把兔子当宠物养了。小兔子们不仅毛茸茸的超温暖，每一个动作和表情也是萌翻天。这些可爱的小家伙如果细心的照顾和保护，可以陪伴你10到15年甚至更久喔！ 快来看看它们到底有多可爱吧！ 睡着的兔宝宝就像一个个天使，忍不住想要摸摸它们。    爱吃胡萝卜的小白兔，表情萌翻天。   小兔兔的毛超级顺滑柔软，捧在手心里也暖暖的~    它们小巧可爱，不论走到哪里都像让它们陪伴。     有时也是个善于卖萌的小调皮。   还有嫩嫩的粉红小舌头，让你想要亲上去。    halokitPET   想要快点带它回家。
兔子爱吃胡萝卜，但胡萝卜并不是兔兔的真爱，这是为什么呢？,兔子喜欢吃的食物可以说是非常多，但是随便找一个人问一下兔兔爱吃什么，绝大多数的人给我的答案都是胡萝卜。  但一般来说，长期啃食胡萝卜的兔兔会导致牙齿退化，所以我们喂养不会长期使用胡萝卜，同时兔兔也没那么爱吃胡萝卜。  而原因很简单，上世纪中有个特别火的动画片人物兔八哥，经典的画面就是兔八哥吃着胡萝卜，久而久之成为人们内心中默认的答案。  而兔八哥吃胡萝卜的动作，也不是跟其它动物学习的或者是自己爱吃的，而是跟好莱坞之王――克拉克・盖博学的。  兔八哥的经典动作灵感源自于1934年电影《一夜风流》中的一个i额场景。盖博演的角色就是靠在围栏上吃着胡萝卜，等着顺风车。时隔六年，兔八哥登上荧幕，就借用了盖博的标志性动作。  但小孩只知道兔八哥，并不知道盖博，也就导致对兔兔喜欢吃胡萝卜产生了默认的理解。  那么兔兔喜欢吃什么呢？ 聪明的你知道正确的答案吗？  关注短尾星球订阅号和短尾星球微薄，期待你的上镜哟~
龙猫宝宝毛茸茸，真想抱在手上，这几个窍门你可要记住了,差一点我们就擦肩而过了！ 有趣、有用、有态度，萌宠让生活更有趣！ ---------------------------- 龙猫宝宝体型娇小，粗鲁的动作会容易让它受到伤害，作为爱惜宠物的优秀主人，我们应该用最适合的方式和最温柔的动作对待龙猫宝宝。其实，抱起龙猫的方法很简单，只需要五步。  首先，接近龙猫及把它抱起的动作都要慢，因为龙猫会害怕主人快速的动作。  先让它闻闻你的手，但要小心，要尽量避免将指尖伸向龙猫，一只手放在龙猫的腋下(肚子位置)另一手托着龙猫的屁股，以手承托龙猫的双脚把他抱起。轻轻将龙猫放在你弯曲的臂弯内，让它完全踏在你的手臂上，给予龙猫安全感。  如果怕怀中的龙猫逃走，可将手轻轻放在其身上，若龙猫尝试逃走，便把他移回臂弯内。另可轻抚龙猫，通常轻轻抚摸耳后、腮后及头部位置也会令龙猫觉得很舒服。  不可尝试用手拿着龙猫的尾巴将他提起，因如果龙猫受惊而跳起逃走的话，它的尾巴可能因此而折断。  不能用抓兔子和猫的方法，抓住龙猫颈项后的毛去把他提起，龙猫会因此而受惊，并会以脱毛的方法来求脱身。记得穿上长袖衣服，可避免你在抱龙猫时，手臂被抓疼或抓伤。因为龙猫的爪子其实挺锋利的 切记怀孕中的母猫如果要抱的话一定要抱抱好避免不小心摔到地上万一流产就不好了。 ================= 宠加 - 爱宠让我们更恋家
有“猫饼”算什么，我有鼠饼！,来，给大家介绍一下IG上po主nococo.k家里的两枚“鼠饼”：小梅和小雪。【雪花飘飘，北风萧萧....为什么我会唱出来  请点击输入图片描述 请点击输入图片描述  请点击输入图片描述  请点击输入图片描述  请点击输入图片描述  请点击输入图片描述  请点击输入图片描述  请点击输入图片描述  请点击输入图片描述
萌萌的动物雕塑 艺术家Raminta作品,BOBOO老师造型工作室
龙猫原型是它！毛丝鼠圆嘟嘟身材+诱人背影让人好想尽情揉捏！,宫崎骏动画电影《龙猫》应该是许多人小时候的共同回忆，老实憨厚的脸蛋，还有那软绵绵的大肚肚，让人好想躺在一把抱住它，如此治愈的外型，光是用看的就能感觉到幸福感~  龙猫的本尊其实是一种叫做“毛丝鼠”的动物，也称作绒鼠和栗鼠，它体型短小、身材又肥嘟嘟，全身的毛像是披着像丝缎般细致柔软，尾巴又长又蓬松，和动画里的龙猫十分相似。  一名日本网友就养了一只毛丝鼠ぽぽ，还不时在Instagram上分享ぽぽ的生活点滴，是一只不折不扣的龙猫界网红！  瞧瞧这个诱人的背影，让人很想好好揉捏一番（变态！）  但龙猫公仔并肩站在一起，画面真的好～萌～唷～  圆嘟嘟的身材和毛茸茸的屁屁，这...这简直不要太可爱！  可恶，想摸...  当龙猫在龙猫里面，会是怎么样的画面呢？  连吃东西都这么可爱，不要太过分了！  ぽぽ吃完东西还会用手擦嘴巴，很注重形象~  主人～拜托放人家出去玩嘛（无辜脸）  这是在开龙猫聚会吗~  ぽぽ每年万圣节都很轻松耶，扮自己就好惹！  喜欢讨摸摸的ぽぽ，啊～～～～～小编真的快要被萌吐血啦！  虽然毛丝鼠真的很可爱，但它曾因为漂亮的毛而当成皮草大量猎杀，现在已经是濒临绝种的保护类动物。  毛丝鼠非常聪明，如果经过训练，还可以跟狗狗一样做出握手、拜托等动作。   halokitPET 它们的生活环境也有限制，最适合生活在摄氏25度以下的气候，光是这点很多地方就没办法了......
,
预防龙猫缺钙秘传小妙招,差一点我们就擦肩而过了！ 有趣、有用、有态度，萌宠让生活更有趣！ ---------------------------- 像人一般容易缺钙，龙猫也是，龙猫的缺钙主要表现在牙齿上，龙猫的牙齿并不是越白越好，相反，白牙是龙猫缺钙的初期表现，正常的龙猫牙齿应该是黄色的。  缺钙放到人身上，老年人会骨质疏松，婴幼儿会导致佝偻病，而龙猫缺钙也会出现毛病，当龙猫出现这些表征的时候，已经是缺钙非常严重的表现，好消息是，其实龙猫缺钙是可以早发现，早预防的。  缺钙的成因：龙猫日常的主食苜蓿干草中，含有丰富的钙质，只要龙猫认真吃，一般不会缺钙。比如，一只日常按照一天干粮一天苜蓿干草为主食而基本不吃零食的龙猫，很少会缺钙。但是，就算是以苜蓿为规律主食，也有些龙猫会因为吃零食而导致钙流失，或因为主食成分的问题导致缺钙症状。  缺钙放到人身上，老年人会骨质疏松，婴幼儿会导致佝偻病，而龙猫缺钙也会出现毛病，当龙猫出现这些表征的时候，已经是缺钙非常严重的表现，好消息是，其实龙猫缺钙是可以早发现，早预防的。   为了防患于未然应做到如下四点： 1、草类主食为苜蓿干草或苜蓿草粒。其他牧草都可以作为零食，但若作为主食长期食用，会引发营养失衡。 2、主粮为纯粮，比如国产的枫丹主粮，或者进口的爱宝主粮，绝对不能选用混合粮(比如比利时粮)。判断标准是，纯粮是由一种东西组成的，混合粮则是由多种零食外加主粮混合成的。 3、草类主食和主粮两者的长期摄入比例为一比一。比如一天草一天粮，是比较容易控制的方法。 4、尽量少喂各种零食，尤其是超市售卖的人吃的各种干果、果脯、零食，制造过程中使用的各种化学制剂和添加剂很可能引起钙流失。 ================= 宠加 - 爱宠让我们更恋家
雪地松鼠介绍，雪地松鼠怎么饲养。,饲养在北方的雪地松鼠，在天气转凉的季节，尤其是晚上需要注意保暖，温度过低很容易使雪地松鼠感冒生病的，在睡觉前给它的窝里多加一些垫材，早上要记得更换，白天注意通风换气。  雪地松鼠从外到内都可以看到其经济价值，它的毛可以制笔、制刷，肉还可以食用，皮可以制裘原料。最重要的是雪地松鼠长的非常清秀，性格比较温顺乖巧，很多人愿意饲养它为宠物。  雪地松鼠在饮食上没有特别的要求，食物的选择可以多样化，无须太单一，雪地松鼠与其他松树一样最爱吃坚果了如：核桃、栗子等等，为了防止艹莸脑龀ぃ应经常喂食这类食物。 家养的雪地松鼠一般以壳斗科植物的种子为食，但在大自然中也会食用相当多的昆虫，因此最好也喂食些动物性的食物。如果以人工饲料为主食，还应另外补充苹果等食物。夏秋两季也可以饲喂一点瓜果之类的食物，如黄瓜、西红柿和西瓜等。  饲喂雪地松鼠的饲料有混合饲料、粗饲料和青绿多汁饲料。 混合饲料：般由大麦、小麦、玉米、黄豆和款皮等组成，含量为25%大麦或小麦，20%玉米，15%豆饼，10%黄豆，20%鼓皮，6%鱼粉，3%骨粉和1%食盐。 粗饲料：主要有花生、向日葵和核桃等。   雪地松鼠是松鼠中最漂亮的松鼠，具有很高的观赏价值。。再加上可以跟人互动越来越多的家庭就出现了他们影子。以上介绍了雪地松鼠的如何饲养，希望可以帮助到想饲养的朋友以及在饲养过程中的新手朋友一些帮助。
