金鳞小龙惊现沟中，摆头扭长尾似无脚被当怪物,▲看似无脚、全身还有着金属色鳞片的「小龙」，在微博引起热议。 近日微博和微信群9月19日开始疯狂流传两段影片，只见一条全身金属色鳞片像是「小龙」，在水盆不时游动，似乎没有脚一样，它的头部还左右摆动，一会在水里、一会则露出水面。据了解，这只奇妙动物是贵州思南县一名男子所发现，他表示当初是由朋友从水沟中抓上来的，但因不知道是什么生物，便一直放在家中。 这两段各10秒钟左右的短影片流出后，让不少网友看到画面中的生物，都惊呼「怪物！」但也有不少人认为其正是「穿山甲」。 据《楚天都市报》报道指出，在将画面咨询了有关的动物学专家，华中农业大学博物馆姜昊馆长表示，「可以确定的是，这是一只亚成体穿山甲，通俗地说就是未成年穿山甲。不过仅仅通过视频，无法确定它是什么品种。」  ▲长尾穿山甲。 时常为网友解惑生物相关问题的微博帐号「博物杂志」在20日发文表示，「这是生活在西非和中非的『长尾穿山甲（学名：Phataginus tetradactyla）』，与中国的穿山甲不同属；中国人已经把亚洲4种穿山甲快吃灭绝了，现在开始大量走私非洲的4种穿山甲。非法走私进来的，有关部门应该严查。」 长尾穿山甲分布在西非和中非的湿润森林地带，体长30至40公分，是尾巴最长的穿山甲，约为身体长的两倍。影片中看似无脚，但应为影片角度，长尾穿山甲确实是有脚的；且它是树栖动物，长长的尾巴适合缠绕在树干上，不像影片躺在水盆中，并非生活在水里。不过原本应该在非洲的长尾穿山甲，又怎么会出现在中国大陆野外？
地震时，家里的荷兰猪是酱紫的……,（猪眼看世界第7期） 8月8日晚上，九寨沟发生了7.0级地震。截至目前，九寨沟地震已造成24人死亡，493人受伤。这是一个沉痛的消息，祝愿逝者安息，愿生者坚强，早日从地震阴影中站起来。  这场地震让我想起了08年的512汶川大地震。当时的我还在家乡读书，睡完午觉回到教室，刚坐上座位。桌椅就一阵摇晃，而且越晃越快，越晃越厉害。 刚开始我还以为是前桌的哥们抖腿摇到我的桌子，可正当我要发飙的时候，就发现大家都惊慌的往外跑，有人喊地震了。我才反应过来，猛然站起来一下就被摇的头晕眼花，还好当时同桌一把把我拉出去的。 当时的我很没出息的哭的稀里哗啦，以为就要和这个世界永别了。还好，只是有惊无险。此后连续几天都是余震不断，每天早晨，睁开眼睛的那一刻，第一反应就是我还活着，真好！  时隔九年，辗转几个城市，回到家乡，再次经历这个场景，依然心有余悸。当时我在收拾东西，没有任何感觉，小豚突然冲到我面前说地震了。我还以为他在逗我，当看到房间挂着的衣服在晃荡，我这才信了他的话。  听到楼道里有人奔走的声音，我和小豚也随之出了门。这次也是有惊无险，我的第一反应是不远的地方肯定有一场大地震，恐慌占据了整个心灵。当得知自己的亲人都安然无恙才稍稍平息了一下心情。 这次的晃动比9年前要小很多，在外面喂了一会儿蚊子，我和小豚就回屋里了。进屋看到家里两只小猪，我才发现，刚才竟然把他俩给忘了。心里不免有点过意不去，危难时刻怎么就光想到自己了啦？我这个主人还是那么失职啊。  看到平时爱叫的翠花，此时还很安静的呆在笼子里吧唧吧唧的吃着东西，二胖更是安逸的躺在笼子里呼呼大睡。从下午到晚上，他们竟然一点异常反应都没有。  说好的地震之前老鼠乱窜啦？说好的行为异常啦？  当时是越想越郁闷，危险都来临了，这两货竟然还一副平常心。这心也太大了吧……  “养猪千日，用在一时”。关键时刻掉链子，好吃好喝的把你们供养这么大，地震前竟然一点征兆都没有。  小豚这时慢悠悠的说：“刚才看你脸色煞白才跟你一起下楼的，我就知道没事呀！因为我的猪猪都没有反应，那肯定是没大事的。” 呵，你这个马后炮倒是对你家的猪猪挺自信的啊。  而经过这事小贝也恶补了一下地震前动物的异常反应知识。 首先来说小动物作为地震“活仪器”，他的灵敏度是有限。一般在5级以上的地震才会有明显的异常表现，而5级以下的地震只有很少部分动物会有异常表现。  其次，地震“活仪器”是有一定范围的，像这次九寨沟的7.0级地震其震源中心方圆100~200公里之内，动物会有明显的异常行为。而具体的异常表现也就是：狗吠蛇出洞，鱼跃鸟离z；家畜不归圈，老鼠大搬家。  而震后小贝在微信后台了解到，那天汪星人和吱星人没任何异常表现，唯有喵星人多数表现的烦躁不安。在此仅代表宠鼠之家给喵星人们作出口头表扬并颁发小红花。  话说回来，西安离九寨沟有六百多公里。虽然是7.0级地震，但猪猪没反应也还算是正常。小贝不做褒贬，健康快乐生活就好。你有没有听过或经历过通过判断动物异常行为预测灾难的事情，说来听听。    关注同名公号，了解更多精彩内容哦~
金花松鼠认主人吗，金花松鼠价格。,金花松鼠是松鼠中体型比较小的，从小人工驯养的金花松鼠是比较亲人的。记主是从小开始养，成年后的金花松鼠也只有手掌大。外形小巧玲珑。背部有五条花纹，又叫 五道眉花鼠。下面介绍下金花松鼠价格，了解下金花松鼠的习性，以及从小养起来的金花松鼠认主人吗？  金花松鼠价格，新手必知。 金花松鼠价格根据季节变化，每年二月份到四月份，是价格最高的时候。价格稳定在150左右，因为是头窝幼鼠，所以价格偏高。五月份到八月份金花松鼠大量出货价格在五十到八十之间，这里说的是幼崽的价格，成年的价格在三十到五十左右。九月往后价格回升，金花松鼠数量减少，大部分松鼠进入冬眠。以上就是全年金花松鼠的价格，季节不同价位是不一样的，每年如此。  从小饲养起来的的金花松鼠认主人吗？ 金花松鼠三十天以下的是奶鼠，这个时间段需要喂奶，如果从奶鼠开始养你需要有足够的耐心。三十天到45天的金花松鼠是刚好合格的，是个时间段的松鼠有独立能力，不需要喂奶，也与主人亲近，新手饲养最佳合适。六十天以上的金花松鼠就有脾气了，需要一点一点的磨合。从小饲养起来的松鼠都是亲人的，平时可以多与他们互动，体验养宠乐趣。  从小饲养起来的金花松鼠是亲人的，但是主人要与它多互动，毕竟他没有狗狗的智商，可能一周不喂他就不认识你了。所以要多亲近，多互动。以上解答了金花松鼠价格以及从小饲养金花松鼠的注意事项，想训练出听话认人的金花松鼠，一定要多点耐心。  微信qcss166
蜜待鼯会咬人吗？蜜待鼯怎么训练才会听话。,"如今蜜待鼯越来越流行，养蜜袋鼯的玩家也随之增多。你不养只小蜜似乎就说明你out了！可这并不表示只要你养蜜袋鼯就一定会养好。因为就算你每天陪小蜜玩耍，或是给他们买了好多玩具，但是一些你不曾注意到的小细节或者坏习惯，可能彻底改变你家小蜜的命运！下面给大家讲下当到家的蜜待鼯应该如何训练，怎样才会训练的小蜜不咬人。  蜜袋鼯长长的尾巴主要用来滑翔跳跃时的平衡作用，当被人抓住尾巴时无法掌握平衡，使蜜袋鼯有危机感，惊吓到小蜜容易使小蜜拉稀，一般商家和小朋友容易出现这样的现象。  蜜待鼯怎么训练蜜待鼯不咬人、 如何训练出亲人的蜜待鼯：请一定不要太心急,让蜜宝宝熟悉你的过程是个阶段性的过程，大概一个月甚至几个月的时间,千万不要因为“都一个周过去啦怎么还和我不亲”之类的而放弃甚至弃养，那样实在太可惜了。当然，有些是看鼠的性格,性格好会快一些,甚至有第二天就上手的.不过只要记住,只要表现出你爱它就会慢慢感化的.还有，有些人买了那种手养蜜或者因为个体差异，拿来就很亲，不要看到有些人的蜜拿来就亲人之类的就厌弃自己的宝宝，你和他相遇就是缘分，它也是个生命而且它的生命里只有你的存在，请你善待它。  如果小蜜真的很害怕，可以第一天暂时让它休息，第二天进行这个握着的训练。笼子呢在刚来的头一个周，可以选用稍微小一些的，大概40-60cm高就可以（注意是刚来的时候的高度，不是以后一直这个高度哈），这样好抓好控制。放在比较平常的地方，不用特别安静，也不要太吵了。适合它生长的就可以。也可以放在床头柜，你做你的事情，让它感觉到你，不会伤害她。  许多玩家都是从小蜜头顶罩住小蜜抓起，这种情况使小蜜被迫转移，虽然目前没有明显不好的特征，但会导致小蜜永远都是被动上身，而不是自己主动到主人身上，正确应该是从小蜜下方伸手抄起小蜜，减少精神压力。 蜜袋鼯不是啮齿动物，不像鼠类需要磨牙或剪牙，小蜜牙齿不会持续增长，剪牙后牙齿也不会再长，会导致蜜袋鼯进食困难，厌食等现象，严重的会影响蜜袋鼯寿命。  如果想养小蜜，请先学习饲养知识，了解饲养环境跟小蜜的生活习性，了解蜜待鼯的优点跟缺点，如果你不接受蜜待鼯的缺点，那么就慎重一点，因为蜜待鼯一生只忍一个主人，请认真对待他，如果带它回家，就请养他终老。"
金花松鼠会咬人吗，金花松鼠怎么训练。新手必知,"如何训练出听话乖巧的金花松鼠，不让松鼠咬人。本文总结了一下金花松鼠的训练方法以及金花松鼠的饲养习性。希望可以帮助新手朋友。  金花松鼠松鼠会咬人吗？ 人工从小养起来的金花松鼠是不咬人，他们已经从小适应了这种家庭饲养的环境，从小养起来，他们喜欢跟人互动。 如果说从年龄六十天以上的金花松鼠开始养的话，松鼠可能会咬人的，这时候他们已经有自己独立的性格，不适应新家的环境，会有所警示。这时候我们就应该静养，等适应环境后再去跟他互动，千万不要心急去抓他，咬一口可是贼拉拉的爽。  金花松鼠怎么训练。 性格特别顽固的，需要饿肚子，饿上个1~3天，就给水喝，然后再亲自喂他吃东西，（千万别放出笼子，隔着笼子喂。）先用食物引他过来，不要马上给，拿着食物从左右到移动让他跟着你的手跑动，移动个3,4次就差不多了，然后再给他吃，食物一定要自己捏着，不要放掉让松鼠抢走了，吃的时候手摸摸它，这里建议用苹果或者牛奶。  松鼠似乎都以壳斗科植物的种子为食，但在大自然中也会食用相当多的昆虫，因此最好也喂食些动物性的食物。 胡桃、栗子等坚果是松鼠的最爱，咬开坚硬的外壳，对松鼠不但是游戏，也可以帮忙磨耗牙齿。最好经常喂食这类食物。  如果以人工饲料为主食，还应另外补充苹果等食物。以上详解介绍了金花松鼠的训练方法以及解答了金花松鼠会不会咬人的问题，只要方法得当应可以训练出听话的鼠宝。 微信qcss166"
魔王松鼠与金花松鼠的区别，金花松鼠能长多大？,金花松鼠跟魔王松鼠是两个不同的品种，它俩体态，外貌不一。生活习性，饲养方法相差无异。松鼠是杂事五谷杂粮都吃。幼崽期间喂苹果面包，奶。大了之后喂坚果瓜子类。下面介绍下魔王松鼠跟金花松鼠的区别。金花松鼠能长多大？  松鼠非常活泼，特别喜欢爬树，活动空间较为立体，应尽量选用宽广而高的笼子。 由于松鼠习惯在树上筑巢，应将巢箱安装在笼子的高处。巢箱可选用小鸟用而出入口在高处的巢箱代替。 松鼠的动作非常迅速，开关门时要注意，避免趁隙逃走。万一逃出时，若突然用力抓住，要避免被松鼠咬伤。  魔王松鼠跟金花松鼠的区别，详细解答。 首先魔王松鼠跟金花松鼠外形不一、魔王体型较大，金花松鼠较小。魔王松鼠又叫灰狗子背部发灰黑色，金花松鼠又叫五道花鼠背部有几道刚，很容易辨别。 第二就是魔王松鼠不会冬眠金花松鼠冬天会冬眠。说小金花冬眠，也会三四天爬出来吃点东西的，并不是一直睡。冬眠的时候最后不要去打扰他，不然会不长肉的。 第三同样是松鼠从小养大魔王松鼠会比金花松鼠亲人好多。  金花松鼠能长多大？ 金花鼠尾巴长度接近于体长。皮毛质量好而美观。金花鼠的两颊内有两个富于弹性的袋子--颊袋。颊袋大得可以装进多达七个橡子，就像随身带着一个饭盒一样，它们可以把食物存在颊袋里，饿了，就拿出来吃一顿。 金花松鼠体型大约十五公分，体型很小，又叫指尖小宠。  以上介绍了金花松鼠的习性，魔王松鼠与金花松鼠的区别，金花松鼠能长多大？希望可以帮助到更多的新手朋友。 微信qcss166
最霸气的宠物：如有雷同，纯属巧合,Tippi Hedren（黛碧・海）是好R]的一名女演T，因出演影《B（Birds）》而走t。  在早些年，Tippi Hedren和家人Q加一次非洲旅行，意外收B了一^小{子，K且樗取名Neil。而@^小{子也S著rg逐uL大，最後成榱Tippi Hedren最霸獾物。  它不H住M了Tippi Hedren的家e，一起生活玩耍，一起睡X。  然而在Tippi Hedren拍z有P{子的影《咆哮山f》中，@部影的拍zK不利，fr〗M一共有150^{子，70多人受，而Tippi Hedren的女阂脖灰Эp了50。  m然影最後以失「娼K，而Tippi Hedren的女阂惨虼容，但Tippi Hedrens仍把@^{子留在家中B。  Tippi Hedrenf：「其我非常怪自己，]有照好Neil的情wc我女旱陌踩，才е逻@拥谋“l生。Neil喜g安o，偶玩耍的r候也像孩子一樱它的性格就像我女海所以我不忍心怪它，因樗也是我的家人。」
主人给猫头鹰开空调降温，结果猫头鹰的反应太逗了,猫头鹰应该算是鹰类中最温柔的一种动物了吧，因为有很多人就把猫头鹰当成宠物。 要不说为什么又人把猫头鹰当成宠物，一定是又原因的。因为这货实在太逗了。 首先，外表憨厚老实，天生一幅智慧的样子，就像汪涵似的。 其次，脾气也挺温和，只要你不去攻击猫头鹰，它就不会攻击你。 而且在遇到让自己的舒服的时候，猫头鹰还展示出萌得一面，快把人萌出血。 就比如下面这一只，冬天的时候，主人把猫头鹰放到了户外晒太阳。大家都知道猫头鹰是昼伏夜出的动物，见了太阳之后不知道为什么，居然还很高兴，高兴地像是融化了。  眯着眼睛，身体舒服的融化下去了，就跟10年的老烟民10天不抽烟，终于抽到一根，陶醉的像神仙。 呀~50块钱的中华就是抽得爽快。  彻底软趴趴下去了，舒服的不成鹰样！成何体统呢，这是！！  除了晒太阳，但凡是让它感到舒服的事情，都会激发它软糯糯的身体。 就比如说冬天到了，天气冷的要命，猫头鹰匍匐在地上，尽量把身体缩成一团，以减少热量的损失。都说寒冷使人保持危机感，猫头鹰的眼睛睁得老圆老圆的，十分精神。  直到主人开了暖气之后，猫头鹰舒服的大展双翼，趴在地面上，舒服的像一个7岁的小胖友。  这只汪涵就很懒，是猫头鹰中的懒老汉，喜欢待在床铺上，做爱做的事情。就算现在是三伏天，也要待在软绵绵的床铺上面，请问你不怕热吗？  直到主人开了空调之后，猫头鹰舒服的玉体酥软，接着又躺下去了。酥服的快要融化了  还闭上了小眼睛，脑子里面都是梦，梦中是大森林，是漫山遍野的老鼠兔子，密密麻麻都在跑，猫头鹰坐落枝头，望着他们在流口水。
药药药，切克闹,猫 熊 图文 / 真君 来源 / iPanda熊猫频道 奶爸奶爸，我们今天吃什么呀？ 药，药，药 切克闹！  奶爸干嘛捏人家的猪嘴巴  看在奶爸的大长腿的份上我就从了  奶爸不要这么粗鲁，人家羞羞  “小火腿”快来宝座喂本王  我摇头晃脑就是不要吃  奶爸我们抱抱吧  熊孩子太调皮，奶爸身手真好  每天要多喝水，多尿尿，尿到沟里起泡泡  奶爸喂小团子们吃的其实是对它们身体 有帮助的营养液 虽然小团子们不太喜欢 （估计是味道不太好吧） 但是奶爸还是无比有耐心地给小团子们吃下 咱们为奶爸点赞吧！
路上偶遇遛猴男子，这遛猴姿势有点厉害，悟空你还好吗,世界之大无奇不有，随着时代的发展，各种新鲜事物展现在我们眼前，就比如说这几天刚出来的iphone8、iphoneX的功能那么强大，放在以前，根本想象不到，那时候能够触屏的手机都是很牛掰了。 随着人们生活质量的提高，所养的宠物也是千变万化，有养猫养狗的，也有养乌龟蜥蜴的，更有鳄鱼蛇类的。 不过，能带出去溜达的似乎也就猫猫狗狗？  错了！今天一位粉丝给兽医小明发了一张图，让兽医小明大吃一惊！ 哈哈哈，你们看见了吗？这不只是遛猴，因为这猴都快要起飞了！看，就是在车主的手臂上，那只小巧可爱的猴子~  最近流行养猴子了？据兽医小明的了解，这种宠物猴，大多是来自日本的袖珍石猴，它的最大体型不会超过大可乐瓶，娇小可爱的模样特别受宠物爱好者的喜爱。  厦门貌似有许多买卖这种石猴的，似乎是3000元左右一只！  还记得那张风靡一时的，猴与“猴王”的合照吗？没错，就是猴与六小龄童演绎的“猴王”合照。 听说当时，这只猴子就坐在石墩上，静静地看着六小龄童，一点也不怕生。后来居然站立起来，向“猴王”敬了一个礼，六小龄童随即回礼，就这样弥足珍贵的一刻被记录了下来，这真正是大自然动物对人类的充分信任。  至于我们现在所圈养的宠物猴，兽医小明想说的是，在我国养猴子是要证书的，虽然它们很可爱，但是也有一定的攻击性！  所以兽医小明希望想饲养的小伙伴，能够三思而后行。
"世界上最聪明的十大动物,竟然真的有它！",动物靠的就是聪明，聪明的动物就能生生不息，下面是世界十大最聪明动物，还有值得我们记住的是，我们一直以为笨的猪，居然是排在第十位的。 美国MSNBC网站最近公布了世界十大最聪明动物，人类被列为首位，黑猩猩，大象，海豚等自然界中的动物也一同入选。  1.最聪明的动物当然是人 科学家可能在如何最恰当、归全面地给“聪明”下定义的问题上意见不一，但一般都同意这样一个观点：人是非常聪明的高级动物。但伦敦动物园于2005年举办过一个展览，将志愿者关进猴山，体验一下动物的感觉。实验结果证明，在那个一个环境里，人比猴子聪明不了多少。  2.人类的近亲黑猩猩 我们人类拥有智力，黑猩猩也肯定有一定的智力，因为人和黑猩猩的基因有98%是相同的。它们能制造 和使用工具，有组织地打猎，猩猩中间也存在暴力行为等。野外观察和实验室研究显示，黑猩猩不仅能感情移入，还有利他主义和自我意识。实验结果显示，黑猩猩 在许多记忆测试中比人得分高。  3.有创造力的海豚 　　 澳大利亚海豚在海底寻找食物时，用海绵保护鼻子。科学家说，这只是海豚聪明的一个例证。它们发出可 能呼叫海豚名字的哨声和卡嗒声，这些声音或许就是它们用于交流的特有语言。20世纪60年代的一个著名实验发现，海豚一旦领悟到做新颖动作就能得到鱼的奖 赏时，就会更多地发挥创造力。  4.拥有自我意识的大象 它们头脑的绝对尺寸显示，大象一定明白事理。研究人员发现，大象会安慰家庭成员，在需要时及时帮助 其他动物物种，在水中嬉戏，通过震动双脚同对方进行交流。科学家说，他们的最大收获是一头名为“幸福”的亚洲雌象在镜子里认出了自己。这种复杂行为只有 人、类人猿和海豚才有。  5.大脑袋的头足类动物 章鱼、鱿鱼和乌贼聪明吗？这是个引起科学兴趣的问题，但这些头足类动物确实是海洋中最聪明的无脊椎动物。头足类动物的脑环绕着食道，却具有一些人脑特征，像有折皱的脑叶和处理视觉以及触觉信息的独特区域等。  6.灵巧的乌鸦 乌鸦是一种“心灵手巧”的动物，它们可以把小树枝、羽毛和其他碎片用做工具，诱捕位于很难达到的地 方的猎物。一只名叫贝蒂的乌鸦会把一根直铁丝弯成钩子，然后用它取回管子里的食物。这些鸟生下来就有制造工具的天赋，只要需通过观察长辈才能熟练掌握它们 的技能，而这正是智商高的证据。研究显示，大乌鸦(raven)能熟练利用社交影响得到更多保护和食物。  7.松鼠也是骗术高手 松鼠会耍阴谋诡计吗？可能会。研究人员最近报告说，松鼠会精心制作带有欺骗性的储藏室，让可能的小 偷找不到自己的食物。试验过程中，在看到有人偷它们的花生后，松鼠的这种骗人伎俩便会更多出现。研究人员称，他们找到了证明松鼠能够理解同伴意图的证据， 虽然这只是一种后天学习行为而不是先天性行为。其它研究显示，松鼠能够在脑中绘制一幅三维地图，进而回忆起坚果的储藏地点。在所有松鼠中，加利福尼亚的松 鼠可能是最聪明的，它们会用响尾蛇的气味掩盖自己的气味，并以此防身。  8.狗的理解方式与人类似 作为人类最好的朋友，狗总是坚决服从主人的命令，但这就能说明它们很聪明吗？狗能够学会坐下、躺下 和取物等本领，但它们能理解主人的真正意图吗？研究人员称，狗至少能够通过非语言线索找到食物。科学家认为，它们的理解方式可能与人类理解他人想法的方式 类似。在试验中，狗能够正确区分同类照片和风景照片，也就是说，它们有能力形成“狗”的概念。  9. 猫具有很强的适应性 与狗主人一样，一些猫主人也训练他们的宝贝坐下、翻身和钻铁圈。采用带有奖励性的正强化训练，猫也 能通过观察和模仿掌握这些本领。虽然训练猫的难度要高于狗，但这并不意味着猫就比狗笨。猫专家说，猫是一种与众不同的动物，它们喜欢独处，受生存需要驱 动。这允许它们适应大量不同的圈养环境，时间至少为9500年，就连它们的羽冠也是如此。  10. 猪很聪明，也很爱干净 猪总是一身污泥，似乎不太讲卫生，但一些专家指出，它们可能是已知圈养动物中最聪明同时也最爱干净 的，甚至超过猫和狗。不幸的是，由于没有汗腺，猪才会在泥浆中打滚以便让身体保持凉爽。上世纪90年代进行的试验找到了猪也很聪明的证据。试验中，猪要接 受研究人员训练，用嘴巴移动屏幕上的指针，并用指针找到它们第一次看到的涂鸦。结果显示，它们完成这项任务所需的时间居然与黑猩猩差不多，聪明程度由此可 见一斑。 文章来源：名人故事在线听
小浣熊也喜欢上了撸猫，只是喵星人这表情是很享受？,狗狗乐园毛孩子生活点点滴滴2017/09/20期，第047讲《小浣熊也喜欢上了撸猫，只是喵星人这表情是很享受？》 前要：本来小浣熊跟喵星人一直都是和谐相处的，直到那天小浣熊看到了主人是怎样撸猫的，从此以后小浣熊就迷恋上了这种有益于身心健康的游戏，可怜的喵星人迎来了它最为黑暗的猫生。  又是一个安详的午睡，躲在一旁埋伏了许久的小浣熊终于成功地等到了喵星人陷入沉睡的那一刻，小心地打量了四周，确定无危险后，小浣熊蹑手蹑脚地接近喵星人，然后开始了它的撸猫大业。  由于身高原因，小浣熊只能够到喵星人的小脑袋，此时的喵星人还在做着美梦，并不知道它即将被侵犯，直到它被小浣熊的粗暴动作弄得直接从梦中惊醒。  喵星人懵了，它没有想到小浣熊会猥琐至此，竟然趁它睡觉的时候偷袭它，可是此时的喵星人无法反抗，刚从睡梦中醒来的它浑身乏力，而且又被小浣熊抓住了，无法挣脱。  直到主人主动上前把它们分开，不过主人明显也是坏坏的，他就让这两个冤家在那对峙着，幸好由于身高原因，小浣熊现在够不到喵星人了，它们就这样尴尬地默默对视着。  小浣熊：我可以陪你去看星星，不用再多说说明，我就要和你在一起。 喵星人：我拒绝，我们之间是不会有真爱的...
YL宠缘.压成雪地松鼠的训练方法，新手须知,本文给大家介绍下压成雪地松鼠的方法： 如何训练压成雪地松鼠？现在已经到了松鼠淡季，雪地松鼠幼崽基本是没有了，现在买魔王之能是买到压成鼠年龄大约在60天到100天之间。比起幼崽压成鼠就比较难训了，这时候的鼠开始有点野性，不让抓，上不了手，还咬人这也是很多玩家不想养亚成鼠的原因。  其实没有训不好的鼠只是你没有耐心，下面介绍下亚成魔王松鼠的训练方法： 1.快递刚到家的鼠不要着急去抓它，把它放在较大的笼子里，有足够的活动空间，松鼠性子急，空间小加上新环境害怕还出现到货活蹦乱跳几分钟就死掉。所以购买松鼠之前一定要先准备大笼子。  2.笼子里放上食物跟水，先适应两天，熟悉熟悉环境，也可以把自己不穿的衣服放里面熟悉你的气味，尽量是定点喂食，就跟人的一日三餐一样，喂食的时候叫叫名字，时间长了就会呼之即来。不要说你没有时间，这个东西就是需要磨合，付出才有回报。就算你打游戏玩手机你可以把它放在一边，让他看着你就好。 3.怎么上手，上肩。通过上面两种方法，首先让松鼠不害怕你，然后在睡觉或者吃东西的去抚摸他，慢慢的它，如果反抗就别硬抓了，着急了会咬你，之前的工作就白白浪费了。把零食放在手上去勾搭它，有吃的就会啥也不管了，很有效的方法。  上面的方法就是针对压成松鼠的训练方法，有些玩家会感很麻烦，养宠物就是一个体验的过程，体验养宠物的乐趣，解闷。当你把一个野性子训练成乖宝宝的时候就会有很大的成就感。证实一下自己的爱心有多强大。 压成雪地松鼠价格已经稳定，市场价格在八百左右一直持续到今年结束。比起松鼠幼崽，压成松鼠的独立能力更强一些，饲养过程中不容易生病。比较适合家庭饲养，迫不及待想养松鼠的朋友可以入手一知练练手，了解下他们的习性。等明年幼崽大量上市后购买幼崽也不会无助，有饲养经验比没养过强，不至于不会养而害死一个小家伙。
网友出差一个多月，将可爱小兔兔托付给妈妈，结果被养成了这样,“你挑着担，我牵着马，迎来日出送走晚霞・・・・・・”，陪伴了许多人童年的西游记还有印象吗？一心向佛的唐僧、嫉恶如仇的孙悟空、好吃懒做的猪八戒、憨厚老实的沙僧等等，然而兽医小明最喜欢的还是嫦娥！为什么？美还需要理由吗。  嫦娥仙子衣袖飘飘，怀里抱着玉兔出场时，不知道有多少小伙伴跟兽医小明一样沦陷了呢？养猫养狗已经是件再平常不过的事情了，今天兽医小明就想和大家分享一个小伙伴和她家玉兔的故事。  小伙伴陪朋友逛宠物店时，一只娇弱的玉兔用她那红仆仆的小眼睛迷糊糊的望着小伙伴时，毫无抵抗能力的小伙伴果断把玉兔带回来家。 小伙伴亲妈看到自家闺女逛个街还拐回一只玉兔，不禁打趣道：“呦，闺女，长不成嫦娥就养只兔子，可以呀！”小伙伴只能默默的承受着来自亲妈无情般的“嘲笑”。 过了一段时间，小伙伴表示要出差学习一个月，再三委托自家亲妈好好照料玉兔。然而出差回家，小伙伴傻了！ 我传说中的玉兔呢？这货是橘猫变的吧！   玉兔：这货是谁，做客的嘛？老盯着我，怪不好意思的。  小伙伴当机立断，决定带着玉兔去跑步！But，事情有这么顺利吗？玉兔心中在呐喊，妈妈，快来救我，有坏人要掳走我。神奇般，自家亲妈出现了，夺回了玉兔，一脸戒备的看着小伙伴：干啥呢，一回来就作妖？  小伙伴看到玉兔懒洋洋的我在自己亲妈怀中，内心受到了一万点暴击。出个差的功夫，不仅失去了亲妈还失去了爱宠。从此玉兔在自家亲妈的投喂下变得越来越接地气了！   兽医小明觉得这绝对是亲妈，照顾的多妥帖，后妈绝对干不来这事。兽医小明温馨提示：如果家里宠物太胖会对四肢造成巨大压力，导致关节变形，喂养还需适量哦。
一只靠“美容逆袭”的长毛兔，最后还成了网红！,"这只兔子叫wally,她有一对巨大的长毛耳，很拉风，当它跳跃时，它的耳朵想要飞起来的样子。长着一双圆溜溜大大的眼睛，还有几根长长的胡子，相比它的耳朵，它的身体看起来很小，形成反差，看起来特别像个小女孩扎着两个大大的辫子，特别的萌，可爱。它的主人非常爱它，经常陪着它玩，记录下了很多特别的时刻。  看到这只眼睛，我怎么感觉，这只兔子会发电呢，迷人的眼睛。还有飘逸的耳朵，这效果，不去拍头发的广告了，可惜了。  这一张特别像一个小女孩，静静的蹲在在你的面前，不费一丝力气的展现它的可爱，那些生活里缺一个女儿的宠主们，可以考虑养一只，以弥补没有女儿的遗憾。  这一张简直萌爆了，带着小小的蝴蝶结，简直萌娃附体了，还有那天真的小眼神，好像在说，妈妈我就是你的女儿啊。  偶尔，也有疯的时候，比如这一张，就一点吓人，明摆着的示威。 兔子：哼，你怎么可以享受独食呢 主人：好啦啦，我投降，给你一点。  有时成了这样，在院子了，玩疯了。 兔子：你瞅我看啥，不过吃了个草 宠主：你还不能看了。  这草地太舒服了，我要躺一躺。哎，主人拍照，我得赶紧看镜头了。真是不爱拍照的兔子，不是一直好兔子，哈哈哈。"
水族箱还能这么布置？自己弄个特色鱼缸天天看超治愈！,大家平常有养什么宠物吗，养猫养狗还是养鱼？基本上养鱼可是一门学问啊，那么这篇我们就看看网友们的水族箱布置~  养鱼基本上要准备鱼缸(水族箱)，过滤器什么的，这些在水族馆都有卖，有些会帮你连沙子或鱼虾什么的一起配到好，价格则是看缸的大小而定，基本上怕麻烦的可以选配好的，如果想自己花巧思布景自己搭，那么就在水族馆挑好再去配吧~  今天的主题是鱼缸布景，基本上有特色的都是那些人物或模型，这些在网上或水族馆多少都买得到，但价格起伏比较大，小编并不专业，就不做推荐了 ~  另外有些网路上卖的小摆饰，不管是什么主题，放到水里久了可能上过的漆都会浮起来，到时候就会变的十分不好看，而且也很怕鱼什么的好奇跑去吃><  摆个王虫摆饰在鱼缸里，也非常有风之谷的感觉呢~  再来鱼缸除了摆饰还要放水草，基本上很多养鱼新手最不会的就是养水草，常常因为各种原因而死掉，如果晚一点拿出来，那植物烂掉后那水中就会布满杂质><  所以建议大家养那种不太容易死掉的水草，虽然没那么漂亮，但真得少折腾很多~  再来养鱼最重要的就是水质了，有经验的可以靠不加东西的方式把水质调稳，自己没这么厉害可以买添加剂，其实买来用也没什么不好，重点是鱼不要GG比较重要~  这个画面左边摆的应该是风扇，基本上夏天有风扇在吹，水温可以变得比较低，但因为蒸发的关系所以记得加水，另外冬天还有加热器(不是电汤匙喔)，可以帮水温固定在20~23度左右，这样鱼也不会因为太冷而冻死~   halokitPET 水质的好坏就决定鱼好不好活，懒惰换水是可能导致鱼儿死掉的~
养鸟那些事之生病早知道,作为一枚“鸟医”，经常会收到酱婶儿的咨询： 鸟麻麻：“我家鸟昨天还好好的，今天就上不去栖架，站在笼子底下，精神状况很差，打蔫炸毛了”。 鸟儿患病的早期征兆往往会被绝大多数动物主人所忽视。这是鸟类长期进化的结果，在野外生病的野鸟会尽可能表现的正常以躲避天敌的伤害。因此在家养宠物鸟身上出现明显的生病迹象时，可能鸟儿已经生病一段时间了。 对于动物主人来说，那些“突然”状态变差甚至死亡的鸟可能只是没能及时发现鸟儿的行为及状态改变。在临床上也经常会遇到由于没有发现早期征兆而病入膏肓的宠物鸟，对此也感到非常遗憾。   所以，今天来聊聊宠物鸟患病早期征兆，希望有助于您今后及早寻求鸟类专科兽医师的救治。 01 看粪识病 想追踪家里鸟儿的健康状况，一定要随时关注笼底的便便。粪便可以帮助评估鸟儿的身体状况。 纸巾、报纸或其他表面光滑的材料可以作为笼子底部的垫料，这样有助于观察粪便的形态、颜色、数量、体积及前后的变化。鸟儿的正常粪便状态可能会随其饮食结构而改变。 正常粪便  垫料上鸟儿的粪便可分为三部分，依次是最外圈的澄清尿液部分，中间圆柱条状的粪便部分，以及覆盖在表面的白色至黄白色的尿酸。 鸟儿每次粪便(消化道排出的废弃物)的颜色可能会有变化，以种子谷物喂食的鸟儿，其粪便常为均匀的深绿色。采食滋养丸的鸟儿会排出软的黄褐色的粪便。带有颜色的滋养丸可能会让粪便的颜色也发生相应的改变。尿液通常是清澈的液体。含有高的蔬菜水果的食谱会增加尿液量。尿酸（肾脏排泄出的奶酪样废弃物）常悬浮在液体尿液上或粘附在粪便上面。 异常粪便  正常的粪便是相似的，异常的粪便却各有各的不同。以下是一些经常出现的粪便异常情况： 1、尿酸/尿液的颜色变成绿或黄色粪便中的含水量增多（腹泻） 2、尿液的比例增多（多尿） 3、粪便总量减少而尿酸增多（多尿酸） 4、便血 5、粪便的气味刺鼻 在某些情况下，粪便也会发生一些正常的变化，例如：即将产蛋的雌鸟；人工饲喂配方奶粉的幼鸟；早上的第一次排便；紧张或压力下的排便；或是刚吃过的一餐有特殊颜色的食物（如蓝莓）等。因此，鸟主人需要在正常的环境下，多观察几次鸟儿的粪便情况再做出鸟儿是否可能生病的判断。  吃点火龙果说不定会拉“红便便”哦 02 其它鸟儿患病的早期征兆 存在下列征兆的鸟儿可能不需要紧急救治，但是这些征兆是在提醒您宠物鸟可能需要请鸟类专科兽医进行检查。 *延长的换羽或持续存在的羽鞘 *破损、弯曲或被啄咬的羽毛 *不正常或颜色暗淡的羽毛 *鼻子、脸部周围或泄殖腔周边粘连的羽毛 *鼻孔外的结痂分泌物 *眼睛周边颜色发红、肿胀，羽毛缺损，失明 *皮肤、喙存在皮屑或成片状 *爪底部的疼痛跛行或用单侧爪支撑身体 *趾甲或喙的过度生长 *学说话、咬人或采食行为的轻微改变 持续监测体重 体重是比较直观能反映出动物体况的重要指标，建议每周至少1-2次进行称重，最好固定在同一个时间段，例如早上喂食之前空腹称重。如果体重波动超过基线5%需要密切关注，如果超过10%，并且伴有其他可能的疾病早期表现，建议及时就医检查。  03 严重疾病的征兆 如果您家的鸟儿出现了下列情况，表示鸟儿可能存在严重的健康问题，应立刻前往动物医院诊治。 *粪便的数量及外观发生明显改变 *采食及饮水量的明显减少或增多 *姿势、性格及行为的改变竖毛（炸毛） *鸣叫减少 *呼吸动作改变或出现异常的呼吸音 *体重或体况明显改变 *身体上有凸出物或肿物 *出血或外伤 *呕吐或返流 *鼻子、眼睛或口腔存在分泌物 急救常识 在前往医院诊治前，提供温度及食物支持是护理患病鸟儿的两个最重要的因素。应该将患鸟安置在安静的地方，尽量减少人为打扰。 理想情况下保温应该维持在27-30度之间。临时的保温措施可以采用加热垫放置在笼子侧面或底部，并将笼子周围用毛巾、毯子或遮笼布包裹起来。也可以采用陶瓷灯或加热器加温。需确保笼子的覆盖物不接触到热源。如果鸟儿表现出呼急促或打开翅膀，表明加热温度过高。应避免使用包括煤油灯类加热器。  尽量鼓励生病的鸟儿进食。把食物放在容易够到的地方。用手喂食鸟爱吃的食物。也可以用注射器或眼药水瓶，逐滴地饲喂温暖的电解质溶液或糖浆水。  宠物鸟出现急症时以下3点是您一定不要做的事情： *不要给虚弱无法吞咽的患鸟喂食或喂水 *不要乱用药物 *不要等明天再观察患鸟是否好转 请及时联系你的鸟类专科兽医。 尸体剖检 最后要谈这个悲伤的话题，如果发现患鸟已经死亡，将尸体冷藏（不能冷冻），尽快带给鸟类专科兽医进行剖检确定死亡原因。这对于保护家中其它鸟只及家庭成员的健康非常重要。  朕的御医呢！ 医生简介  唐国梁 中国执业兽医师  美联众合转诊中心非犬猫动物专科兽医 专长鸟类诊疗  十年临床经验 中国农业大学硕士 中国动物学会鸟类学分会会员 国际鸟类兽医师协会（AAV）会员 国际两爬兽医师协会（ARAV）会员 默沙东动保宠物医师学院讲师
螳螂一脸懵，螳螂捕食，变色龙在后,
百万只隼聚集捕食飞虫，很壮观,
日本敲可爱宠物小刺猬的户外野营照，萌翻一片人啊！,这几天，一只来自日本的宠物小刺猬 Azuki俘获了众多歪国网友们的心：它支棱着两只神气的圆耳朵，钮扣形的圆鼻头和圆滚滚的身体都让人过目难忘~  Azuki拥有“日本最可爱”刺猬的名号，其专属IG专页的粉丝数超过17万。Azuki每天的生活就是吃饭、睡觉和拍照，无论是装扮动漫角色还是“练瑜伽”，它都保持着开森的表情~如今市面上不但有了同款玩偶，由主人代笔的刺猬自传也热销一时！  虽然Azuki已拥有自己的舒适小屋，但超高的人气也让它成为某露营装备的最新代言人，近日为拍摄大片踏上了野营之旅！  在小刺猬的IG专页，可以看到照片中的它配备了自己的袖珍帐篷、皮划艇和烧烤设备。  Azuki本人表情惬意，让不少网友迫不及待想步它后尘，与亲友们支帐野营惹！  还有很多网友看了这组照片表示也被萌得“扎心”，只想立即把这只小刺猬抱回家~   halokitPET 现在就随着小刺猬Azuki畅游一番，让这个开心的小家伙带给你一天好心情吧~  值得一提的是，Azuki都有女朋友咯！Uni和它是天生一对，如今都是一岁半。这是两只小刺猬的合影，看Uni（右）微笑的样子，这个小女孩也是超萌，难怪她也拥有5万多IG粉丝！  又想骗我养刺猬！
好脾气的水豚家族，添了3个软妹子~,说到水豚 说它是最大的老鼠一点也不为过 因为水豚是世界上最大的啮齿动物  但是呢 比起人人喊打的老鼠 水豚因为它的性格温和、不喜欢动 长相憨厚 可谓人见人爱 是动物界混得最开的高手  好像跟什么动物都很合得来   水豚泡温泉 也是让人感到莫名心安  上海野生动物园的小动物乐园里面 好脾气的水豚麻麻一下生了3胞胎  而且都是小女生 按照家族脾气传统 长大了都是软妹子啊   刚出生的小妹妹们一直跟着麻麻 迈着小短腿 走到哪里都是一起   在生长中的小水豚每个月体重增长约3公斤左右 一般要经过1年左右 体形可长到成体大小  18月龄达到性成熟 能开始繁殖后代
她为养鹦鹉戒烟还把家中变成小动物园：希望子孙能照顾它们终老！,香港罗氏两夫妇非常热爱动物，8年来，罗太一直用心照顾她最爱惜的小动物们。除了自建设施齐全的狗房、鱼池等......  罗太家中宠物众多，鹦鹉就有16只之多 令罗太最引以为傲的，就是那十多只不同品种的鹦鹉，罗太形容鹦鹉就是她生命中的最爱！罗太：“我钟意鹦鹉，希望可以把它们留给我的子孙，做个纪念嘛！” 这个自家“动物园”，罗太一直用心“经营”，投放大量的时间心机。踏入罗家的第一步，便会发现四处设有鹦鹉用的设施，除了鸟笼外，几乎所有用具都是自家设计，因罗太认为“量身订造”才真正适合它们的需要。   除了鹦鹉，家里还有6只狗狗 罗家的动物多不胜数，单是鹦鹉便有16只，还未计算狗狗及其他动物，他们还开设了“罗宅宠物乐园”Facebook专页，分享对小动物的关爱及饲养心得。  罗太的灰鹦鹉Happy最爱说话，还懂开锁 盼声音可留给后人 鹦鹉的寿命很长很长，因此饲养鹦鹉往往会跨越几代人，而罗太就是希望鹦鹉能将她的声音带给后人，作为一种深层次的纪念。然而，正是由于鹦鹉寿命长、叫声大，鹦鹉被遗弃的数量其实不少，所以罗太同时也呼吁，在饲养前需要考虑清楚。罗太：“我屋里好多动物都是领养来的，狗不用说了，但其实好多人还会弃养鹦鹉，我都已经接收不少，大部分都是嫌太吵，有些甚至经济能力应付不了，所以养之前要想清楚。”   为鹦鹉正视健康成功戒烟 对于饲养鹦鹉，罗太自言已到“沉迷”地步。她与先生住村屋，地下一层的客厅和饭厅，早已被鸟笼包围，实行与小动物分享空间。罗太明白，幸福美满的生活并非必然，所以有机会也希望回馈小动物，这是罗太多年饲养小动物的心得。  她说：“我有些不良嗜好，比如抽烟，抽了好多年，连老公都没法叫我戒烟，但直到照顾鹦鹉的时候，我才有了大动力，一来占用很多时间，分散我注意力，二来为了它们健康，顺势我决定戒烟。”   halokitPET DIY鹦鹉用具勤俭更实用 罗先生是工程师，经常出走外地；独女在外国留学，每年回来一至两次，罗太与小动物相处的时间比其他家人还要多。她以一己之力、每天花大部份时间照顾宠物，为了节省工夫，她DIY了不少工具。  鹦鹉的站杆，罗太亲手切锯钻孔 “鹦鹉一星期都会冲一次凉，好大工程，所以发明了个洒水装置。另外，鹦鹉都很聪明，要经常玩玩具，玩具、木站杆都是自己做得，有时自己会忙到忘吃饭。”  除了日用品，其中一只葵花鹦鹉颈上戴有特殊的颈环，原来是罗先生用3D打印技术制成，防止鹦鹉继续啄咬伤口，真的很用心良苦！  罗先生罗太太同样热爱动物，鹦鹉犹如他们孩子
超可爱的“马界柯基”昔德兰矮种马，矮矮短短实在是太萌啦！,"相信说到""短短腿的宠物""大家会先想到什么呢？我会先想到短腿柯基啊～那个短短腿真的太经典了啊～不过给人印象帅帅的骏马居然也有像柯基犬一样矮矮小小的“马界柯基”啊～这种马的品种就叫「昔德兰矮种马」Shetland pony！ 昔德兰矮种马跟一般的马比起来只有这么小只啊~   昔德兰矮种马（Shetland pony）又被称为「昔德兰小马」是一种矮种马品种，起源于英国苏格兰昔德兰群岛。这种矮马的肩高大概在71～107公分左右！也因为小巧可爱，而且个性温驯又很聪明，所以相当受到欢迎，是小朋友跟老年人很好的朋友唷！  就来看看更多可爱昔德兰矮种马的可爱照片吧~    halokitPET"
吸猫吸狗吸兔子还不够？日推上竟开始流行起“吸鸭”了,推上最近流行的吸鸭，活捉一只会卖萌会撒娇，敲级可爱治愈的大胸鸭子。心已被俘获，来一起吸鸭鸭吧~             看到这...为什么越看越想吃呢！ ―――――――――――――――――――――― 申请日本官方SGU项目留学可详细咨询【行知学园】http://www.coach-g30.com/ 微博@行知学园日本
水獭麻麻教小水獭学游泳，它不愿意，但下水后却玩美了咋劝不出来,生活在水中的水獭，并不是天生就会游泳的。  今天，水獭麻麻要教水獭宝宝学游泳了。  听到这个消息的小水獭内心是拒绝的。  窝不想学游泳！！！  可是强横的水獭麻麻根本不听它的，直接把它叼在嘴里，拖下了水。  当妈的，果然都是一个样，为了教孩子，那都是操碎了心呐。  水獭麻麻把游泳技能全部交给了小水獭，接下来，准备上岸休息一下。
超可爱存在！30张看完无法不微笑的澳洲“树袋鼠”爆萌照片！,澳洲有超多可爱的袋系动物，而且在澳洲的动物跟其他地方的都不一样！有的真的是可爱到不行，像袋鼠就是一个奇特的存在。接下来要看到的则是「树袋鼠」，这些树袋鼠跟原版袋鼠很相似，但它们的毛会比较多一倍，而且看起来也比较圆喔！来欣赏一下吧： 1.  2.看起来好像小熊熊喔！很可爱呢！  3.  4.  5.  6.  7.  8.  9.  10.  11.  12.  13.  14.  15.  16.  17.  18.  19.  20.  21.  22.  23.  24.  25.  26.   halokitPET 27.  28.  29.  30.
蜜待鼯叫声有哪些含义，普及蜜待鼯知识,蜜待鼯原产地于澳洲和南澳洲，注意这里说的是原产地，如果说你的蜜待鼯是澳洲来的，那么你的蜜就是野生抓来的，哈哈哈，现在国内市场上的蜜待鼯来自于国内养殖场或者国家养殖进口，与野生的有所不同。野生的寿命五六年，人工饲养的蜜待鼯八到十五年。下面普及下蜜待鼯叫声有哪些含义？  1.狗吠声―汪汪汪（洪亮、尖锐的小狗叫）找主人、呼叫同伴、饥饿 2.嘎嘎声――嘎嘎嘎防备、不信任、不安全、吓走敌人、抗议、不高兴（持续）、抱怨（短暂）  3.气音声――嘶嘶嘶同伴间招呼的方式（长气声）便秘（短促、不慌忙的发出气音） 4.水泡声（间隔较长）―噗噗噗在睡觉时，声音较小，表示睡的香、睡得沉  5.磕牙声――哒哒哒表示友好、兴奋、很高兴见到你，发情期表示希望交配 6.吞咽声――咕咕咕 好吃的、很喜欢吃的、吃着很香的 7.咕噜声（微弱）通常想排泄在外出带出不来时会发出 8.小猫呼噜声（微弱）满足、幸福的感觉、舒服、吃到好吃的  9.喷嚏声（短促）粉尘过大、刺激性气味 10.部分奇怪声音（难以形容）目前统称为同伴间沟通交流 11.哭泣声（持续）通常离开妈妈到一个新的环境时会发出的声音；如果经常听到哭声凄凉要注意是自残的前兆。  蜜待鼯是群居动物适合两只一起饲养，他们模样讨喜，很容易被驯服，也喜欢跟人亲近，饲养过的人都对他爱不释手。
地表最贱的小动物！体型比狗小，却敢和狮子老虎眼镜蛇刚正面,在方舟生存进化里，最让人深恶痛绝的绝对是鱼鸟。小盗龙是小偷，打死了还能把东西追回来。而鱼鸟就是强盗，东西拿走就全吃了，然后继续抢，我曾经装包里的8000个麻药瞬间灰飞烟灭……  而在现实的陆地上，这种最贱的野生动物连狮子老虎都不怕，被眼镜蛇咬了睡一觉就好。  他们不懂什么是害怕，不服就是干，你叫兄弟也没用。2只蜜獾面对凶狠的狼群毫不畏惧。  即使你是草原的霸主，他们也会把你当小猫一样对待，而狮子竟然真的被这个小不点吓得像只乖巧的猫咪。  人类最好的朋友也被这个小小的身躯追赶得四处逃跑。  遇到问题，直接武力解决，有话当面说清楚，一副老大哥的样子。社会我蜜獾哥，人狠话不多。  大家千万要记得这个小动物的外貌，万一在野外出游时遇到了，别去招惹。反观方舟里的水獭，差不多的脸，却可爱了不少……这几种小动物一定要分清楚了。
一家民宿盘点：这10种蠢萌的动物保证你一个都没见过！,世界上很多动物千奇百怪，多数我们都没有机会见到，甚至连名字都没听说过，一些奇形怪状的生物确实会令人耳目一新，下面这些长相怪异但又蠢萌蠢萌的奇葩动物，你能认出几个呢？  快夸我萌 1.呜帕鲁帕――“再看！再看我就萌死你！” 称它“呜帕鲁帕” 是因为它的叫声，其实人家学名叫“墨西哥钝口螈”，也叫“美西螈”。它虽然属于两栖动物，但却一辈子生活在水中。  这家伙的视力很差，又是个十足的吃货，在它的世界里，比它嘴小的都是食物，连同类都不放过。其再生能力也令人震惊，它受伤之后不仅不会结痂，甚至可以再生出新的肢体和重要的器官！由于样子超级萌，成了国际上的高人气宠物！  我是搏击界的扛把子 2.雀尾螳螂虾――“下次给我换个防弹的房子” 雀尾螳螂虾并非真正的虾，而是甲壳动物，全身暗绿如翡翠，触角及胸足呈橘红色。别看它们长得漂亮，但人家可是天生的“拳击手”，武术界的杠把子！它们螯肢的末端就像尖锐的钉子，而且一秒可打出50拳！瞬间加速度足以匹敌甚至超过22小口径手枪的子弹。  这样的超能力给了它们看啥都不顺眼的资格，如果把他们养在鱼缸里，过不了几天，和它一起生活的小鱼啊、小虾啊就会被它活活打死，就连背着盔甲的生物大多都无法抗下它的一拳！如果徒手去抓雀尾螳螂虾，它可以一下把你的手指打成骨折！所以要养它一定要用防弹玻璃做成的鱼缸才行，不然它分分钟就能把家拆的稀碎！  叫我大美丽 3.海兔――“找什么对象，老子是雌雄同体！” 海兔也称海蛞蝓（kuo yu），但它们不是蛞蝓，而是螺类的一种，它是甲壳类软体动物家族中的一个特殊的成员。海蛞蝓颜色非常鲜艳美丽，游泳动作敏捷而优美，但千万不要被它美丽的外表所迷惑，它们中的大多数可都是食肉行的，而且有毒！  如果哪个傻章鱼不小心吃了海蛞蝓，那可是相当痛苦的，甚至还会送命！更厉害的是它们可是雌雄同体的生物哦！  听说你们都在笑我蠢？ 4.鲸头鹳――“我是会飞的大嘴” 这家伙看上去就是一只会飞的大嘴，长相十分呆萌！它巨大的鸟喙看起来像鲸鱼的头部，因此得名。大嘴也要有大头来承，鲸头鹳也是现存头最大的鸟。  鲸头鹳生活在非洲东部热带地区苏丹共和国和赞比亚的巨大沼泽地区，目前仅存5000-8000只，被定义为易危鸟类。它的喙号称是世上最宽的，有12cm，不仅尖端尖锐异常，而且周边也像快刀般的锋利，连鳄鱼的皮肤都能轻易穿透！  我是QQ糖 5.海猪――“你敢碰我，我就死给你看” 和它的名字一样，海猪长得圆滚滚、胖嘟嘟的，给人的感觉就是QQ的，特别想捏一把！它和海参是近亲，学名叫“管足”，栖息于深海海床上。  海猪有着短短的很奇怪的触角，平时吃饭都是用触手把食物推到嘴里。不过它们吃的东西就比较惨了，是各种微生物和海洋动物尸体。海猪们生命也是相当脆弱，甚至有寄生虫戳它一下，它就挂掉了。  我的小嘴唇性感不？ 6.红唇蝙蝠鱼――“看我的烈焰红唇” 你见过这么性感的鱼么？红唇蝙蝠鱼（学名：Ogcocephalus darwini）生活在加拉帕戈斯群岛海域，体长可达25厘米。它拥有浓艳的红唇、大大的眼睛和类似角的喙，本来单看都挺美的，但一起组装在它脸上看起来却无比怪异。  说是鱼，但它却拥有四条“腿”，还有一个扁平的大头，游泳能力超级差，更多的是用胸鳍在海底“行走”。一条鱼在水里生活居然是靠爬的，简直太给“鱼界”丢脸了！  我是米老鼠，不是兔子！ 7.长耳跳鼠――“讨厌，人家才不是兔子” 长耳跳鼠被称为“沙漠中的米老鼠”，正如名字一样，它们有着长长大大的耳朵，几乎有头长的一半，像个可爱的小兔子，是耳朵比例最大的动物。  它们嘴巴尖尖的，眼睛圆圆的，尾巴长长的，双腿像袋鼠一样，前肢短小，后肢细长是身体的约两倍，与身体不成比例。它们喜欢夜间活动，目前已被列为全球100最濒危灭绝物种，世界自然保护联盟濒危等级为濒危。  看我的长舌！ 8.霍加皮――“哎呦，人家害羞了啦” 霍加皮是产于刚果的一种珍贵动物，在全球也只有3万只左右。它们长得非常有趣，有着长颈鹿一样的长脖子，和像斑马一样的条纹。它们的舌头都很长，能用舌头清理自己的眼部和耳朵。  霍加皮天生胆小，很害羞，长期“隐居”在海拔1450米以下的热带雨林深处，它们绝不会冒出探索新环境的念头，因此很少有人见过它。  萌萌哒小飞象就是我 9.小飞象章鱼――“我可是迪斯尼的明星” 小飞象章鱼（Dumbo octopus）是2009年发现的，因其外貌酷似迪斯尼动画片中的小飞象而得名。  它的样子给人一种浑身长满耳朵的感觉，其实这些突出物是它的鳍，能够帮助其在漆黑一片的海下环境中游动前行。这种章鱼可是目前最珍贵稀少的章鱼种类呢！  你猜我是个啥？ 10.蓝脚鲣鸟――“快看，我有蓝色的脚哦！” 这种长相蠢萌、有着一双醒目蓝色大脚的鸟叫蓝脚鲣鸟，是一种大型的热带海鸟。一只雄性蓝脚鲣鸟的脚蹼越蓝，代表它吃的越好，营养越充足。
大眼飞鼠饲养方法，写给新手玩家。,现在已经到十一月份了，已经没有幼崽了。大多是压成鼠跟成鼠，有独立的吃食能力，比幼崽好养许多。至于亲不亲人完全看人品，不要想着每一只都能上手。要抱着即使纯观赏也要好好把它养到最后的觉悟。如果接受不了它们的调皮捣蛋建议就不要入手，买只布娃娃得了。  小飞鼠突然死亡的可能性很高，但是也是有原因的，没有足够的活动空间这是积累压力的源泉，错误的饮食跟过度的抚摸都会导致小飞鼠死掉。。常见的就是新手玩家急于上手玩，小飞鼠刚到家，没有熟悉新的环境，过度抚摸害怕导致小飞鼠死掉。新手卖飞鼠不必太过于纠结时间，太小了要每天喂奶，抵抗力也差，到家随便任你摆弄，没两天就霍霍死。 飞鼠的寿命少说也有4年，家养环境还有长达10年的。养宠物绝不是一时的冲动，而是一生的陪伴。 小飞鼠是啮齿类动物，养小飞鼠能够体会到啮齿类动物不一样的快乐，滑翔的姿态真的够酷。  刚到家小飞鼠放在黑暗处，准备好食物后跟水。。物质准备要充足，不要到家一脸蒙蔽，。熟悉环境后的小飞鼠多互动多玩，消除对你的警惕性慢慢就可以上手玩的。时不时在笼子拿出来让他活动下放放风。有益于小飞鼠的健康成长。。 最美顾客发来的反馈照片（养雪地松鼠的笼）通用。这样的别墅小飞鼠怎么会暴毙呢，室内一景。。当然不用这么大的，八十厘米高的就可以。   来一组玩家秀秀秀。    小家伙们很有镜头感呢。
魔王松鼠饲养应该注意哪些地方？新手看,关于魔王松鼠的饲养的文章小编已经写过很多篇了，包括魔王松鼠的训练，饲养幼崽魔王松鼠应该什么，今天就再来概括一篇，压成魔王松鼠应该怎么养，为什么介绍压成魔王松鼠呢，为应求广大群众的意见，哈哈哈哈，看完记得点个赞。。  这个就是压成魔王松鼠的体态，现在已经到了十一月中旬，魔王松鼠的耳毛已经很长了，压成鼠的个头跟成年鼠的个头差不多大。。小编接到反馈比较多的就是怎么把压成魔王松鼠训练上手。 首先你不要怕它，你怕它它怕你，永远都不会有感情的。刚到家的鼠会比较害怕，在笼子里乱撞，常见都把脑瓜撞破了还是会撞，，这时候不要着急去抓它，不然咬你一口是正常的。。松鼠到家之前就要准备大点的笼子，有足够的活动空间。食物的话就很常见了五谷杂粮，越混搭越健康。魔王松鼠是啮齿类中比较好养活的，多大的鼠都可以训练上手，看主人用不用心了。 刚睡醒的家伙  冬天到了，看主人自制棉衣。各位鼠爸鼠妈有没有灵感了。  一副不情愿的样子。   带你出来放放风，出门一定要带牵引绳哦！   颜值大比拼，雪地松鼠更俊俏些，雪山精灵不一般。    养松鼠已经不是什么稀奇的事情了，已经受广大人民群众的热爱，赶快加入鼠爸鼠妈的行列吧！体验不一样的养宠乐趣。
动物界网红，必杀技：萌死对方，可以说是世界上最可爱的了,
能走路我就不游泳，会走路的鲨鱼惹不起！,在我们认知中鲨鱼都是游得快，长得凶！但是大千世界无奇不有，有一种鲨鱼不仅长得萌，而且不爱游泳爱走路！这种鲨鱼叫走路鲨“walking shark”。  印象中，鲨鱼都是这样的！利齿獠牙血盆大口！  但是走路鲨的画风有点萌！  但是它真的是属于鲨鱼的一种！“走路”鲨学名归为Hemiscyllium属，截至目前发现的有9种“走路”鲨，只生活在东印度尼西亚，澳大利亚和巴布亚新几内亚。 这种鲨鱼体型不大，对人一般无害，长度通常不到一米，最长为120厘米，其实这种鲨鱼的走路，其实是用前面两对鳍着地，左右交替，然后扭动身体，看起来就跟动物在陆地上走路一样，当然急起来还是会游得很快的！  都说鲨鱼是海中霸王！就跟豹子一样是陆上一霸！走路鲨虽然长得斑斑点点像猎豹，但是很明显一点杀伤力也没有！它们大部分时间都是呆在海底散步，猎食栖息在沙地上的淡菜和螃蟹，吃一吃小鱼跟贝壳类补补身子。  世界之大真是什么动物都有，鲨鱼都比我厉害不仅会游泳还会走路。作为旱鸭子的路飞们情何以堪！    转发这两条走路鲨能够吃掉别人的锦鲤，抢走他们的好运！（微笑脸.jpg） 每日一问：什么老鼠只有两只脚？
魔王松鼠对人们有危害吗？给新手饲养松鼠的建议。,马上又快到了养松鼠的季节，大家很快就要等来2018年的幼鼠了，不知道大家有没有一些养松鼠的详细计划。  新手如何饲养魔王松鼠以下是给即将养松鼠的人几点忠告： 1. 首先确认你自己有能力给松鼠一个很好的生活环境，这包括给松鼠安全的活动空间，丰富充足的食物和家人的支持。家人的支持和喜欢非常重要，因为松鼠以后不只是跟你在一起也会接触到你的家人。  2. 不要以为最后因为某种原因养不下去的话找个树林或者森林公园放生就行了，我想告你放生以后能存活的几率几乎为零。在自然环境中，松鼠是凭借灵活的的身手和足够的机敏以及从小在大自然里锻炼出来的对危险的洞察力才能在天敌无数的环境中生存下来。我们知道在食物链中每一个物种中最弱的部分都会变成上一级食物链的营养，而从你家里走出来的松鼠就是所有松鼠中最弱的那一部分。  3. 请在养松鼠之前了解一些松鼠常见疾病的防治方法，网上都能找到，最好存一份在你的电脑里。 4.关于狂犬病：松鼠携带狂犬病毒的几率要比其他肉食性动物比如猫狗小得多，从小在家养起来的松鼠几乎没有机会接触到狂犬病毒。只有在动物的狂犬病发作期间被咬或者被它们碰到伤口才会感染狂犬病。动物一旦狂犬病发作，它们自身的寿命不会超过10天。而且目前世界上还没有被松鼠咬伤后感染狂犬病的病例。再养松鼠期间难免被松鼠抓伤咬伤，请将这个狂犬病的问题也解释给你的家人听，让你的家人别那么紧张。
地狱空荡荡，恶魔在人间  残忍点，下手的方式残忍点,（猪眼看世界第9期） 小贝不止一次的提到“爱就深爱，不爱别害”这种男默女泪的话题，但最近小贝还是看了一篇血淋淋的文章。  文章说的是几个小孩出门玩耍时，碰到一只瘦弱的流浪狗。熊孩子们瞬间大开神脑洞，他们找到一个和狗狗脑袋一般大小的塑料瓶，往里面放了些火腿肠。  狗狗当然是一猛子扎进塑料瓶里吃火腿肠，但是等火腿肠吃完后，狗狗才发现自己的脑袋卡在瓶子里面，拔不出来了。  可是让人真正寒心的却是这帮熊孩子并未就此罢休。  正当狗狗试图用爪子拔下头上的塑料瓶时，熊孩子们对狗狗是一顿追打。狗狗只能逃，可剧烈的运动导致狗狗没跑多远就缺氧倒下了。 看到狗狗痛苦抽搐的样子，熊孩子依旧踢打躺在地上的狗狗。直到半小时后，一位成年男子路过才罢手。等到这位男子用剪刀剪开瓶口的时候，发现狗狗早已窒息身亡。  看到这里小贝实在抑制不住心里的悲愤，小小的孩子竟然能做出这种蔑视生命的行为。狗狗跟他们无仇无怨，只是为了满足自己心里的某种变态快感，却去残害一个无辜的生命。小贝想到那句话，“他们还只是孩子，所以千万不要放过他们”。  没人愿意看到中国的教育成为捞钱的工具，成为一种摆设。我更怕看到“地狱在空荡荡，恶魔在人间”的人间惨相。  你可能觉得小贝有些小题大做，但是各位有没有发觉这个社会人群的诟病是越来越多了，什么恋童癖，施虐狂，受虐狂甚至是一些非常畸形变态的冰恋狂和食人癖都开始出现在公众视野。这不单单是一个社会问题，因为这些问题很多孩提教育缺失导致的。  这件事不禁让我想起之前我推送的一篇非常有争议的文章，文章开头提到一群人虐杀老鼠的事情。  在始作俑者和围观者的大笑声时，我如鲠在喉。无fuck说，你们一群变态！！  不论是人们自己还是动物，只要是一个鲜活的生命，就都应该有尊严的。这不光是对大自然的尊重，同时也是对自身的认可和尊重。还是老生常谈的那句话，“如果爱，请深爱；不爱，请别伤害。”  不说这些了，明天就是七夕了。调整好心情，好好陪陪家里的猪主子们。最后小贝奉上几张家里两主子的摆拍图，纯天然，原生态，无ps，萌你一丢丢。
在火炉旁取暖的小猪是很暖很舒服的画面，但看着看着突然饿了,现在人的宠物不仅只有猫猫狗狗鸟鸟......这些而已，各式各样只要规则允许的情况下就会饲养各种宠物，不过宠物猪现在也算是很普及了~这两天在网路上爆红的一张“在火炉旁取暖的小猪”看了居然不知不觉的让人肚子饿啊...... 这只可爱的小猪猪就叫Stella  Stella的主人帮它开设了一个IG专页，总是在上面分享着小猪的生活！各种萌各种可爱看了真的是超级治愈，而当然最近天气冷了，主人怕Stella会冷，于是就准备了一个暖炉给Stella~ 也就是让Stella爆红的那个暖炉啊！  而这个可不是人正在使用中小猪跑来取暖喔，可是主人特地为Stella准备的，还把烤炉放在Stella的窝前，避免Stella会冷   翻了Stella的instagram让小编下辈子好想投胎当只猪啊...（虽然我现在某种层面也满像猪的...）不过也得遇到Stella如此宠爱它的主人才行啊~ 就来看看Stella可爱的萌照吧！    halokitPET  不过由于Stella取暖的画面实在是太可爱，还是不禁让人想到食物方面去了...... 再来看看Stella取暖的样子吧
我和荷兰猪之间的误会，竟然是因为他……,（猪眼看世界第2期） 宠鼠之家这把交椅小贝已经坐了两周了，直接我也只是三天打鱼两天晒网的给小豚当个副手，并没觉得有多不易。可这两周时间下来，对小豚的敬意油然而生。  今天早上小豚一个无意的小翻身又是惊起翠花尖叫无数，脚趾头一想就知道是家里的小公举没水喝了。在给翠花换水的时候不禁想起与这几个损色初次见面的时候。  我算是最后一个进这个家门的成员，尽管在受小豚“蛊惑”之前我就知道他养了几只荷兰猪，但初次见到猪猪时，我还是被它们傻萌傻萌的样子惊呆了。  这不是迷你兔吗？就是没有尾巴，这么可爱怎么会是老鼠的亲戚啦。那种心情就像是突然得到了一笔不义之财，虽说超喜欢，但还是心有余悸。  记得刚来的那天，我洗完头发，小豚贴心的找来吹风机帮我吹头发，正当我要感动的稀里哗啦的时候。小豚说了句，“这吹风机是给猪猪买的，是他们洗澡用的。你这一来就沾我家猪的光！”  一听这话，我整个人都不好了。啥意思，我这大老远的过来，说的感觉还没你家猪地位高。当时也就闷闷声过去了，吹完头，我顺手拿起旁边梳子刚要梳头发。小豚又说“梳子是我家猪专用，你自己没梳子吗。”  后来才知道这爷们真是一个为猪而活的男淫，洗发用海飞丝，说是这牌子有助于帮猪猪清理寄生虫。买菜必买黄瓜，甜椒，说是可以利尿补VC之类的……  有一回，这爷们下班回来后买个几个玉米棒子。我当时一看到，顿时暖心不少，“这家伙还记得我好吃这口。”  可心暖了不到两分钟，人家就开口说了，“看有卖玉米的，没好意思刚要皮给猪吃，就买了几个。把皮给猪吃，剩下的给你吃吧！”  当时我就爆发了，对小豚是劈头盖脸的一顿数落。  “瞧你那穷酸样，大冬天就穿件薄外套，棉被都薄成纸了。穷成这样了，你哪来的自信养宠物。你说，你说这几个狐狸精，不，猪精给你灌什么迷魂汤了。”我这人情绪一上来是根本不听说的，看小豚好几次想插话我都硬生生的让他给憋回去了，“你瞅瞅你，平时那些一有个咳嗽的，你就紧张的跟什么似的。你再看看你是怎么对我的，一天到晚就是一张死人脸。你对我都没猪好！你再这样我就把他们扔了。”  小豚这货倒是心大，还嬉皮笑脸的说：“你至于跟只猪吃醋啊，不至于吧……他们生活不能自理呀，我就是它们的全部。况且你有它们呆萌可爱吗？”  那天虽说很生气，但事后想想，也是，我至于跟猪吃醋吗？我难道还没只猪有魅力吗？思来想去，倒是觉得这事我做的小气了。我可以选择我的生活可是它们不能呀，听小豚说很多猪猪都是被拿来做实验，或者斗狗和养蛇的饵料。难得有缘和他们相遇，虽说没用完我所有的运气，但肯定是占用了我的一些好运。为自己的好运负责，难道不应该吗？况且他们那么的可爱，谁会舍得扔掉他们啦。  你有没有和猪猪的趣事，分享出来大家一起乐呵乐呵……    关注同名公号，了解更多精彩内容哦~
一次意外后，荷兰猪性情的大变,（猪眼看世界第4期） 在今年的“中国十大火炉城市”排名中，不出意外西安又拔得头筹，“成为今年第一个破40℃的省会城市！”“西安地表温度67℃，超吐鲁番成全国第一！”  在这不动一身汗，一动汗不停的40℃恒温桑拿蒸浴天气，多少人靠空调捡回一条命，又有多少地铁口沦陷在纳凉大军的凉席板拖下……  西安的高温热的就是这么认真，出门5分钟，出汗5小时，出门10分钟，你离出锅就差把葱花。  空调WIFI西瓜的惬意小贝是无福消受了，应对高温小豚这边也是大招不断，空调扇，吊扇，绿豆冰统统都到碗里来。这不前几天还买了水床，然并卵，水床离煮蛋器之间就差一个西安气温。  好不容易盼来的双休周末，睡到自然醒已经成了小贝最大的奢望，浑身就像发面一样，呲呲往外发汗。一看天气，又是40℃“没好”的一天。家里三只猪也都热瘫在厕所里（三只猪平时就爱在厕所上睡觉），想想也该是给他们仨洗洗澡好好拾掇拾掇一下了，大热天，还都穿着厚厚的皮大衣，四海八荒我谁都不服就服你。  回头一想，今年已经是这三货在西安度过的第三个夏天了，看的出他们早就练得死猪不怕开水烫，生无可恋来渡劫的心境。  和小豚稍作准备，开场两人三猪，全程只靠手的洗澡大业就开始了。每次洗澡都是从大胖开始，翠花压轴。  大胖最肥硕伟岸，我的两只手都抓不过来，每次只有小豚才能搞定它。胆子小爱扑腾，拾掇完他，自己是一路掉蓝不止。  二胖是最乖的啦，洗澡时，他全程是一副悠然自得，安心享受的模样。不闹不叫也不跳，心情也是美美哒的。  再后来，就是家里的小公举翠花。是最苗条的，但也是最娇气的一个了。在入水的那一瞬间，翠花的娇叱立马变尖叫，那撕心力竭的调门足足有HighC。没办法只能一边给她递黄瓜，一边洗了。别天真的以为这就没事了，小公举的玻璃心是没那么容易修复的。人家是一边吃还一边嚎，回血的同时不断释放无敌声波多杀技能。场面那叫一个悲壮啊，唯一值得庆幸的是翠花不乱动，物理伤害较低。一通下来，三只猪是满血满蓝的回城休息，我和小豚是蓝尽血残，回屋补血回蓝。  不过话说回来这三只猪真是一个比一个有个性。可是，一开始个性设置明明不是这个样子的嘛！  当初大胖出道的时候明明就是一副大哥的模样呀，三个当中就他年龄最大，最爱吃，最旁若无人，也是最棒的（最胖的），大胖这个称号也是实至名归。  听小豚说刚带大胖回家的时候，他就敢在屋里溜来溜去，逮着美食就吃。即使把他抓在手里也是一副无所畏惧的模样，照样只顾着嘴里的美食。  小豚可疼爱这个大胖了，大胖从小不认生，淡定的个性，一直是小豚的自豪。即使是家里唯一的公举翠花投来爱慕的目光，他也自顾自的吃着美食，不给人家一点回应。  有次洗完澡，小豚帮大胖擦身子时那货嘴里还叼着一根草在吃，一副我是老大的N瑟模样。小豚检查他身体时发现他的脚趾甲有点长，就随手把大胖往床上一放。然后翻箱倒柜的找猪猪专用指甲刀，一不小心碰到了桌子，“砰”地一声桌上的东西掉在地上。  这时在一旁自嗨的大胖被突如其来的响声惊得从半人高的床上重重摔下来，在地上半饷才翻起身来。自此以后大胖的性格大变，再也不是从前的大哥大了，处处谨小慎微，一有风吹草动就“牙颤”起来，对于自己不熟悉的环境也是退避三舍。即便是在冻得瑟瑟发抖的冬天，他也是整整一冬天都没有靠近棉窝。  二胖刚到家的时候是非常胆小的，平时只敢在笼子门口溜达一下下就回笼子了，然而也不知他是经历了什么现在竟成为了家里最憨厚，最会享受，也是最淡定的的猪猪了。  翠花一开始就比较胆小，但是没有现在这么娇气，因为她一直是家里高贵的小公举，所以一有好吃好喝的我第一个想到她。她那种眼里容不得半点委屈的挑剔性子也算是我给惯得的啦。  今天就唠叨到这里，你家猪猪在成长的过程中性格方面有变化吗？说出来，一起撩撩~    关注同名公号，了解更多精彩内容哦~
 说好要做彼此的天使，可看到龙猫后我就不想要荷兰猪了？,（猪眼看世界第13期） 小豚的生日快到了，可我不是个浪漫的人，更别提给人制造惊喜了。怎么办？怎么办？  思考良久，还是没主意，于是就直接问小豚要什么生日礼物，小豚毫不犹豫的说，“给我买只龙猫就行。” “纳尼？”我诧异道。 小豚直接递过来一张照片，就是下面这位。  我不屑的看了小豚一眼，有点追求行不行？能不能靠谱点，家里这两猪宝还没渡劫归位啦！你这就开始喜新厌旧，移情别恋了！看看我，多专一，心里只有猪宝，再也装不下其他……  自从大胖走后，我特别珍视现在的这两猪猪，同时也害怕再养其他宠物，因为受不了有一天和他们生离死别的场面。  仔细一看照片，这家伙跟家里的猪猪长得倒是挺像啊。猛地一看还有点像猪猪的加胖加大版。不过他的模样倒也是有几分姿色，也难怪小豚会沦陷于此。  既然小豚都提出要龙猫的要求，那我也先不他驳面子，来听听他要这个“小三”的理由。  小豚两眼柔情，嘴角翘着一弯甜美微笑的说，“她优点很多，温顺，活泼，好奇心强。爱干净，没异味，不易生病，最最get的是她会自己洗澡，而且毛超软，摸着很带感，聪明，智商高，完全就是猪猪的升级版！”  听他这么一说，我倒是对龙猫这个“小三”有点好感了。尤其是看着家里那两货到处乱拉，爱吵爱闹的样子。看看龙猫，多听话，多干净，而且还会举牌，随便蹂躏。好想马上有一只，肆意的调戏。  家里翠花这时冷不丁的尖叫起来，我顺手拿起身边的青菜递过去。小公举两眼泛光的看着我，没了往日那种见美食不矜持的模样，似是看出我刚刚一瞬间的移情别恋。  翠花哀怨的眼神顿时让我看清事实，摸清小豚扶正“小三”的套路。  转脸就对小豚说，“龙猫有什么好的，不光贵，而且还是很矫情的主儿。一点热都受不得，夏天要全天24小时空调无死角的伺候着，你行吗？” 一听这话，小豚倒还有些不乐意了，“男人怎么能轻易说不行，我当然行了！” “你行你咋不上天啦！家里‘萌宠宫’正室还都在啦！你这就合计着立侧妃了，说！你是不是外面有人了！” 小豚见牵扯到家庭政务，怕掰扯不过就作罢，忙活自己的去了！  自家的猪猪还是小豚在最落魄的时候，三只不到百元就带回家的。跟着我们熬过了几个严寒酷暑呢，这种同患难的经历是任何萌宠都不能取代的。更何况他们个个体质杠杠的，从来不挑食，吃嘛嘛香，再活个百八十年是没问题的。  我伸手摸了摸翠花的头，放心，麻麻最爱你们，不会要什么龙猫的。翠花这才安心的开吃起来，边吃还边高兴的咕咕叫。  呵!这些小家伙养的久了，似乎都懂得主人的心思了，看来我以后不得有其他花花心思了呀，也得让小豚收收心，做好自己该做。  没有对比就没有伤害，龙猫固然好，但是现在既然已经养猪猪了，就应该好好珍惜他，珍视眼前的才是最重要的，不是吗？  再过七天，就是8天长假了，相信大家已经安排好出游计划了吧。提前祝大家假期愉快。
“暖暖”：绝对不是手滑，熊家就是饿的没劲儿了,
养的鬃狮蜥生蛋了，孵出一对连体小蜥蜴！抱在一起的样子也太可爱,有没有喜欢爬行动物类的朋友？现在网络的发达，让我们时常可以看到一些珍奇宠物的饲养日常，个性温和再加上容易适应人工的饲养环境，让鬃狮蜥成了最适合当成宠物饲养的蜥蜴。 最近推特上就有一位鬃狮蜥的饲主＂接生＂了一对鬃狮蜥的双胞胎，抱在一起出生的两个小小身躯，仔细一看才发现竟然是连体婴！？而这可爱的连体鬃狮蜥也立刻在推特上引发歪国网友们围观...... 推主的鬃狮蜥饲养记录从今年夏天母松狮蜥产下的这21颗卵开始...  没多久后母松狮蜥又再次产卵，饲主的孵蛋作业也持续进行着...  10月底开始陆陆续续有小鬃狮蜥破蛋而出...  看到这像人类婴儿一样的超萌破蛋姿势，完全可以理解饲主在这孵蛋过程中的乐趣啊～  没想到圣诞节这天，他的孵化盒里诞生了这奇迹的连体双胞胎！！   身体完全黏在一起的双子鬃狮蜥，看起来就像拥抱着对方出生一样。而这可爱的模样当然也很快被歪国网友们围观～    halokitPET 当然，大家也很担心这相亲相爱的连体鬃狮蜥是否有办法生存下去，饲主也回复说就目前看来两只都很有元气，并且也有办法吃饭呢。
荷兰猪说同笼代表着伤害，分居意味着思念,（猪眼看世界第5期） 《我的前半生》终于追完了，越到后面越没有一开始追的时候那份期待，尤其是剧终的时候，总感觉和期待的差距太大，心里莫名空空的。有没有和我一样感觉的小伙伴呢？  西安持续半月的40℃高温，连猪猪都不爱吃东西了，最近家里的二胖也是掉秤不少，整个猪都瘦成麻杆了。我是看在眼里急在心里，怎么才能让这货多吃些东西啦？细想一下，二胖平日里最仰慕的就是女神翠花。虽说是住在同一屋檐下，但他们两个也是足足有一年没见面了。想到这里心生一计，或许把二胖放出来见见翠花，心情一好就能多吃东西了？  二胖果然还是那个二胖，笼门一开，这货撒丫子就窜出去，跑到翠花笼子边扭屁股。再把翠花的笼门打开，整个场面都沸腾了，二胖子兴奋的追着翠花直跑，简直就是一个猪神经。  最后二胖追累了，就趴到女神的食盆前美滋滋的吃了起来，果真抢来的东西最好吃，更何况是从女神嘴里抢来的。  然而，更具喜感的是，曾经瘦小的翠花因为长时间没出来放风锻炼，现在圆滚滚的足足大了二胖两圈。没有对比就没有伤害，翠花那溜光水滑的体型和二胖在一起完全是二师兄和猴哥同框的既视感。  两猪玩得正高兴时，不巧让小豚看到了这一幕。小豚一脸紧张的说赶紧把他俩分开，我不屑的说干嘛分开，人家玩的正兴起啦。小豚直接脱口而出“小心翠花怀孕了。”我这才想起之前因为翠花怀孕给小豚留下了深深的阴影。  去年夏天也就是这个时候，翠花就怀宝宝了，而且还是二胖的。小豚当时因为这事也是整天乐呵呵的，每天对翠花的照顾无微不至。他能发现翠花每天细微的变化，而且还说可能怀的是四胞胎。我当时根本不信小豚的话，因为我怎么也没看出翠花有啥变化，但直到翠花快生产的时候，我才注意到翠花的肚子确实是大的出奇。这是真怀孕了，没错啊！那一刻我心里就不由赞叹，小豚这家伙没去做产科医生真是太可惜了……  那时候我们住在顶楼，夏天的室内关上门，屋里的温度能达到四五十度。越是临近预产期，那几天天气却越热。 那天正好在周末的时候，小豚就说翠花也就这两天生了，这两天咱俩多注意！可是周末过去了，翠花还是没生。看来这位“产科医生”也有看走眼的时候……  第二天，周一下班，我正在回家的路上突然接到小豚的电话，说翠花生了四个宝宝，可惜一个都没有活过来。天气太热，屋里太闷，一生下来就热死了。那一段时间小豚就因为这事懊悔了很久，整个人都有些颓废。  当我回到家时，笼子里的翠花很虚弱的趴着，四只小猪宝就在旁边静静的躺着、可能是生产过程中太热太累，有些体力不支，有些小猪宝的羊膜都没有咬破。接下来半个月，小豚还是无微不至的照顾着翠花，直到翠花的体质完全恢复。 自那以后，小豚就一猪一笼，独立饲养。生怕翠花再怀孕，夏天的时候也是紧张猪猪挨热。  看着小豚一脸严肃紧张的样儿，我说：“没事的，我们坐在这看着，等晚上在把他俩放回各自的笼子里。”小豚也没较真，吩咐了几句就走开了。  话说猪猪一岁后就不能生产了，可小贝还是很好奇，大家有1岁以上还在生产的猪猪啦？   关注同名公号，了解更多精彩内容哦~
都说别人家的猪好，我看我是养了一只假荷兰猪,（猪眼看世界第8期） 最近朋友圈被一篇《喜欢叫外卖的女生们要小心了！！！》刷屏，没忍住点进去看了看。说的是一个小女孩独自在家点了外卖，外卖小哥送餐时，见她一人在家。孤男寡女，同处一室，外卖小哥顿时下半身高速思考，突然有了一个大胆的想法，呦西，花姑娘！  最后，还是起飞智的小女孩智斗外卖小哥，最终有惊无险，安然无恙。  看完之后，我心里顿时哇凉哇凉的。最近几个月天气太热，每天基本都是点外卖，我是不是每天都在生死边缘游走？  可转念一想，我这基本上都是办公室点餐，根本就没和外卖小哥独处的机会好伐。 都说这个夏天，这条命是空调给的。但我想说，这个夏天我的命是外卖小哥给的，每天见到的外卖小哥风里雨里，美团上等你；严寒酷暑，只为你的一口饭。  不管上文提到的个例是否真实存在，但是大多数外卖小哥还是很和善友好，至少我碰到的都是这样。以偏概全的偏激思想还是不能要的，但基本的社会安全意识还是要有的。  自从立秋之后，一场秋雨一场寒，天气也一改往日骄阳似火，渐渐变得温柔起来，最近一段时间西安的温度也一直在20~30℃之间游走。每天都能带着好心情踏出家门去上班，最最重要的是周末可以安心地睡到自然醒了。试问世间还有比这更惬意的事吗？  心情一好，人的求知欲就蹭蹭的往上涨，拦都拦不住。这不，最近我没事就翻看了小豚收集的一些猪猪精彩视频。真是不看不知道，一看家里那俩货就得扔。你瞅瞅人家的猪猪咋就那么干净，还特听话。一张“极其嫌弃.jpg”送给家里那俩儿。  不过话说回来，我家那两猪都没接受过训练。如果我来给训训的话，说不定，下一代的猪猪网红就会从这里惊艳亮相，从此我也在猪猪的“引领”下走上人生巅峰了……想想，都忍不住笑出声来。  这时翠花嗷嗷大叫起来，我回过神，看她那脚踩食盆，笔管条直，伸着脑袋嗷嗷待哺的急切模样。我说，大姐你这么做很容易让别人误会我虐待你，没给你吃的。  啥都不说，来来来……择日不如撞日，就今天就从你开始，咱们好好练练。 我起身就把翠花从笼子里抱了出来，这货完全继承了大胖的优良传统，成了一个实打实的圆胖子。不过她同时还保留着所有母性的底线，彻底成了一只心机猪，我一抱起来这货就瞬间石化了，一动不动，还一脸柔弱的样子。就连胡萝卜放到她面前，她都能熟视无睹，好心机！  我心想安抚一下翠花受惊的小心灵，结果刚把手放在人家的头上，就被她一把给顶开。那力度是那么决绝，那么无情，那么绝情寡义。 我一瞅这架势，算了！你回你的安乐窝，我练我的二胖子。  二胖一直都是家里的乖乖男，我喜欢静静的美男子的款式。我轻轻的把二胖从笼子里抱出来，训练就要从最基础的开始。对于懒癌晚期的猪猪自然是躺着最舒服了，于是我就把二胖温柔的抱起来，再轻轻的让他仰面躺着。  幻想永远是五彩的，而现实多是纯色的。还没等我把二胖子放躺下，二胖子妖娆的身体就扭曲挣扎到变形，没两下这货就翻正了。同时给我甩来一个大大的白眼。 不要以为你甩白眼我就放弃了，没那么简单，你也不想想我是什么人？！我是一个有毅力的人，一个有梦想的人，一个脱离了低级趣味且锲而不舍的人……好吧，我放弃！  买卖不成仁义在，既然你们都不愿意配合我，那我也不强求，谁叫我是你们猪主子啦。不过，这准备训练你们的胡萝卜我就笑纳了。 我刚张嘴要啃胡萝卜，翠花立马脚踩食盆，笔管条直，翘首以盼，嗷嗷待哺。我一拿开胡萝卜，叫声渐息，一靠近，叫声增强。来来回回，此起彼伏，余音绕梁，我是三月不知……给你胡萝卜，求你别叫了！  别人家的猪是知廉耻，懂礼貌，有特长，会来事。而自家的是边吃边拉，又脏又臭，不服调教，还爱顶嘴。但是，自家的猪我怎么数落都行，绝容不得其他人说半点“不好”。这就是自家猪和别人家猪最大的不同，你们说对不对？   关注同名公号，了解更多精彩内容哦~
冬日里的“美臀大赏”~,寒冬进补，动物们个个吃得体态圆润，它们可不像人类“以瘦为美”，健康的身体、萌胖的体型、丰满的美臀才是动物们的“选美标准”。 羚羊 羚羊是一种灵活的动物，跑得快，所以它的臀部非常健美。  斑马 别看人家正面很美，屁股颜值也很高哦，堪称美臀界的扛把子！  熊猫宝宝 走起路来，小屁屁一晃一扭的，有木有被电到的感觉呢。   长颈鹿 优雅的长颈鹿，不仅有大眼睛、大长腿，臀部也令人着迷！   大象 最爱跳“摇摆舞”的大象，晃动的美臀也是销魂。   羊驼 神兽的屁股哪是你想摸就能摸的嘛？小心它回头冲你吐口水哦！  老虎 俗话说，老虎的屁股摸不得，那就看看吧！   犀牛 尾巴短，屁股大，萌萌哒！
这里有你神奇的朋友哦~,春节即将来临 上海野生动物园海狮馆 将要举办一场海狮排球对抗赛  南美洲海狮与加洲海狮两两组队 隆重上演“四海狮排球赛”       小伙伴们 你们准备好尖叫声和掌声了吗？ 你会支持哪一个挑战队呢 是南美海狮还是加洲海狮  海狮们将还会碰撞出激情火花 演出海狮顶球 掀起狂欢热情   喜欢海狮的小朋友 还可以和它合影 真的是非常值得发朋友圈的
你以为这是一只单纯无公害的荷兰猪，错了，你们都错了,（猪眼看世界第10期） 立秋早已过，最近西安连下了一周的秋雨。细雨鳎绵绵不绝，一场秋雨一场寒，一周秋雨冻成狗。这炽夏与寒冬的无缝转换直闪老娘的腰……  眼瞅着一天天被床和被窝绑架，闹钟的响铃一天天的推迟，我的内心是拒绝的，但身体实在是过分的诚实。  可就在前天清晨，在我朦胧中正挣扎于是否起床时，一股幽怨而遥远的声音在我脑海中响起，“你的梦想和任务都已经醒了，还睡NMB，死肥婆！”  肥婆？！一个激灵整个人都惊醒，而屋外就传来翠花“啾啾……”的“打鸣”声。我懒散散的下床，基本就是无意识的流程性给主子们都加满了水和粮。  完事后，我打着哈欠要回屋继续享受被窝的绑架。可一转身，翠花就又不安分的叫了起来。我回头看了一看，迷迷糊糊中被翠花的样子给惊出了一身汗，这主子脑袋怎么变得这么小。顿时脑海中蹦出三个字“脑萎缩”，瞬间整个人完全清醒，我上去两三下抱起翠花。  我抱起翠花的那一刻就知道了问题的所在，这货太肥了，肚子大，脖子粗不是怀孕就是胖。因为给翠花厕所上安了木屋，所以这家伙近半年来除了吃时动动嘴，基本没啥活动量。不多说直接贴图曝光，免得说冤枉某猪。    看着翠花那胖嘟嘟的样子，我不禁感叹，与脂肪的持久对抗战真的是一刻不能懈怠，猪一犯懒都成这样，那更何况人啦。想想当初的翠花也是窈窕淑女一枚，而如今成了只会讨吃的臃肿大妈，同时蜜汁微笑送给小豚。  前段时间，我就想着好好训练一下家里的小主们，可结果是完全惨败。区区这点困难怎么可能打垮我啦，我这次采用迂回战术，以一种汗滴禾下土的精神，润物细无声战略，从根本上瓦解小主们心里上的防备，在灵魂的深处对他们进行洗礼。所以这次我的首要任务就是讨好他们和他们套近乎。  翠花可以说是最单纯也是最心机的猪，她的眼里只有吃的，为了吃的啥都可以做，但没吃的一切都免谈。  我一走进笼子，翠花就翘首以盼的叫起来。我把手伸过去，翠花立马凑过来闻了闻，发现没吃的。刚才还兴奋不已的样子瞬间翻脸转身，用屁股对着我。我伸手去摸，人家直接傲娇的躲进木屋里。心塞呐~这都是惯出来的毛病，认吃不认人。  说过来道过去还是家里的二胖最gentlepig，随便蹂躏，随便摆弄，但就是不会听指挥做动作。我最近也是一有时间就抱着二胖玩。小豚看到后，就警告我说猪猪是直肠子，小心他在你身上拉屎撒尿。我这正联络感情啦，哪管的了那么多。  一开始的时候我抱着二胖主要是跟他玩，喂他吃的 。但时间一久，就成了我抱着二胖玩手机，二胖在我腿上睡觉的情景。这一天和往常一样给二胖喂了吃的，我就玩手机，二胖在我腿上睡觉。可突然两腿之间一股大姨妈侵袭的温热感，感觉越来越明显……  妈呀！！二胖子尿了！！我一惊叫，二胖子也被惊醒，但人家是一脸无辜的换个姿势接着睡了。我赶紧把他放回笼子，换了身衣服。估计是二胖子在我腿上呆太久，梦里见到翠花了，然后一个没憋住就尿出来了，这也不怪他，咱自己以后多注意呗。  第二天，我总结了历史教训，吸收了昨天的经验。抱二胖的时候没再给他喂小零食，稍微逗了一会儿二胖就打算把他放回去。可等我抱着他一起身，两粒硕大的粗黑粑粑从我腿上掉下来。顿时我气的差点跳起来，好家伙，竟然敢在我身上拉屎。说你是不是故意的，昨天撒尿是不是也故意的。你这货蔫坏蔫坏的，气死我了。  不过生气归生气，对于瞅一眼就萌化的猪猪来说你能拿他怎么着？
女王也有软肋，就这样被彻底征服了？,（猪眼看世界第12期） 最近查小豚手机就发现这货手机里珍藏了很多cosplay美女图片，尺度不可描述。  姐我是很通情达理的，爱美之心嘛，人皆有之，更何况是男人喽！我能理解，不过这爱美还是要讲究品位的。我默默的清除所有图片，换上了很多唐朝美女图。这才叫美嘛！多有品位，还凸显逼格。  不过雅俗共赏，我还是给小豚保留一张美人出浴图↓↓↓↓↓  这张出浴图是我今天出门聚餐时候，小豚一人给家里女王翠花洗澡的照片。真的很难想象那会是一种怎样惨烈的画面，我脑海中已经充斥这翠花尖锐的嘶叫声。  可是，BUTT，然鹅鹅鹅，听小豚说女王转性了。这回洗澡根本就没怎么叫，全程无高能，萌的只剩下淑惠！画风转换太快，直闪我老腰！！  听说女王这回在沐浴的时候一开始还是发出杀猪般的尖叫，但很快就安静下来。还老是扭身看小豚，一脸的无助，差点就梨花带雨了。  小豚响应女王的意思，连忙换了女王洗澡的姿势，让女王抬眼就能看到自己。这么一弄，女王瞬间就安静下来，静静看着小豚，不声不响的享受着小豚的搓揉。  一场人猪旷世畸恋的暧昧画面就这样浮现在我脑海，城外的人想往城里走，你们城里人可真会玩！下面附带美猪出浴视频，视频不长，看之前翻转手机。  女王这回是被人抓到软肋了，没有我小贝在是不是完全没了安全感。看那小手死死抓着小豚的手不放的样子，女王的尊严啦！没出息！！  还听小豚说，刚洗完澡给翠花擦身子的时候。翠花一个侧身就紧紧的依偎在小豚的大肚腩上，那样子完全是一副小鸟依人的模样。女王，女王，这没了安全感一下子就淑女起来。
 荷兰猪也虐狗，连教师节都不放过,（猪眼看世界第11期） 今天一早便被微信“叮咚声”吵醒，群里是各种教师节祝福。我这才一愣神，今天原来是教师节！似乎是从一毕业开始，整天就忙于生计。很多时候连几月几日都记不清楚，教师节更是逐渐和自己远不搭边了。虽说教师节是和现在自己不搭边，但是教师节却是我们青春的见证。那一幕幕与老师的斗智斗勇，那一段段只讲两句的拖堂辅导，那一场场和老师道别时的联欢…… 老师，谢谢您！谢谢您的不倦教诲，虽说当时学的知识都还给了你，但你当初讲的那些道理现在却深有体会。  毕业这么久，现在唯一能记住老师的教诲就剩这几句了！ 首当其冲的就是，你们是我带过最差的一届！！（当时我还傻傻的信以为真） 还有就是，不想听得可以睡觉。（傻傻的我又信以为真） 还有，是你说还是我说，你说你上来跟我说。（傻傻的我再一次信以为真） 有这一句，你们考不好其实跟我一点关系都没有，我一月照样拿工资。（这句话现在回想起来，老师真是苦口婆心，辛苦了！！） 最怕的一句，这又是一道送分题。（偏偏我就做错！） 老师最大的谎言，等你们上大学就自由了；我再说两分钟就下课……（信了你的邪！）  这些当时老挂在老师嘴边的话，现在回想起来真的是满心暖暖的，多希望能再听一遍，哪怕是被老师再训一次。 在学校的时，老师就是那个和全班人谈恋爱的人；而离开学校后，老师是我们校园记忆中那个最绕不过的牵绊。  最近除了教师节还有一个娱乐圈的消息很让人振奋，Joker谦谦和前妻复合了！！！  真是没想到，这两人兜兜转转最终还是破镜重圆了，相信谦谦的这次复合足够坚定更多人相信爱情的勇气。  爱情不光存在于人与人之间，动物之间的爱情实例也是屡见不鲜。而且这两天小贝身边就发生了真实小动物秀恩爱虐狗事件，而事件的主角就是家里的二胖和翠花。不多说了，看图。  动图视频是小豚拍的，拍完后小豚还赋诗一首。（图片中的猪粮袋子只是用了凯莉的，里面装的并不是，凯莉这款粮并不推荐大家用） 那一天， 我闭目在经殿的香雾中，  蓦然听见你颂经中的真言；  那一月，  我摇动所有的经筒， 不为超度 ，  只为触摸你的指尖； 那一年，  磕长头匍匐在山路， 不为觐见，  只为贴着你的温暖；  那一世，  转山转水转佛塔， 不为修来世，  只为途中与你相见。  就在小豚赋完诗后，一股崇拜之情直冲我心口，顿时他在我心中的形象变得高大无比。那种感觉可以说是仰慕，就是那种感觉，你们应该知道，就是看他时都感觉他全身放金光的感觉。  可后来我才知道小豚的那诗纯属抄袭，顿时dog太阳滴。没文化真可怕，看来以后还要多看书，多学习呀！ 这几天一直收到哈尔滨的@宋丽丽coco家的皮皮萌照，小家伙萌属性天生高。而且皮皮也真是遇到了好麻麻，每天被宠的不要不要滴。直接上图了（来自@宋丽丽coco）    话说现在的哈尔滨是不是已经很冷了，@宋丽丽coco家的皮皮妈都开始准备棉窝了。  我一直给小豚灌输的理念是，女人是用来疼的！同样萌宠也是用来疼的，看着皮皮妈对皮皮无微不至的关心，小贝真的很感动。因为小贝见过很多虐待猪猪，真的，猪猪没有生存的选择权，遇到好的主人真是最大的幸福！！
【必看】野生动物园里的“吉祥三宝”,熊猫宝宝 月月半半作为上海唯一的熊猫龙凤胎 粉丝超多、名气超大 吃个年夜饭也能上央视 说是人气王也是一点都没错了 摇椅上各种打闹 真是戏精附体      非洲象 华东地区最大的非洲象群 象宝宝们目前个头还小 但是智商一点也不赖   白犀牛 白犀牛作为陆地上的巨无霸 体型让人不能小觑 白犀牛静若处子动若脱兔 它们在一处埋头吃草 7―8个小时也移动不了一公里 吃过的草地 如剪草机剪过一样整齐 奔跑时速最快可达40公里
你家养的荷兰猪可能是个超级英雄，这些技能你不得不服,（猪眼看世界第29期） 上期小贝自家翠花打瞌睡的视频播出后，就有宠迷晒出自家猪猪睡觉的萌样儿。废话不多说，先窥觑一波萌主萌睡姿。   @Queen C。婷子 家的猪猪是位纯粹的静若处子，动若脱兔的美男子，闭眼时憨态可掬叫你隔屏都想上手，睁眼时迷倒万千猪油尽折腰，直叫各路网红粉黛无颜色，简直是猪猪界的刘天王。  这是@发条橙家仅存的猪猪酣睡图，场景温馨，内容充实，画质饱满，给人一种极其惬意的舒适感。这种罕见猪猪酣睡图，而且还保存的如此完好，实属不易，非常珍贵，市场升值空间极高，十分具有收藏价值。广大猪油还不长按收藏。  @阁下李先生 家的猪猪可谓是真汉子，像睡觉这么私密的事儿从不遮蔽，虽少些犹抱琵琶半遮面朦胧美，但也不乏多了一份粗犷无羁的豪气。  最近一段时间，我在小豚的感染下看了不少国外的超级英雄大片。什么蜘蛛侠，蝙蝠侠，复联之类基本看了个遍。最近也确实写了不少有关猪猪超能力的事儿，今天小贝就来做个总结，相信你家猪猪具备的这些超能力在你望尘莫及的同时让你只挑大拇哥，实在是不服不行。    No1. 胆子大，有勇气  要想成为一名真正的超级英雄，除了炫酷的超能力外，无所畏惧的勇气是必备。有人要说了，猪猪是出名的胆小鬼。胆子大，有勇气这些东西根本跟猪猪不搭嘎呀！我就知道你们不信，但多说无益，大家在下结论前先看看下面几张图。  （依旧是@Queen C。婷子 家的美男子）  猫可是多少耗子眼里的活阎王，但在同样是耗子的猪猪眼里毛也不是。大敌临前，依旧不乱阵脚，该吃吃，该喝喝。这就好比你翘课在网吧打游戏，你班主任突然降临在你身旁。你还能做到面不改色心不跳，依旧畅汗淋漓的吃鸡吗？试问一般人或者一般生物有这份魄力吗？  可是猪猪就敢，你说佩服不佩服。这也不得不让我想起东北的一种动物――狍子，对就是傻狍子的那个狍子。     No2. 超级大胃王  这一点毋庸置疑，相信很宠迷都有切身的体会。猪猪的能吃真不是吹出来的，一天24小时能有12小时在吃东西，剩下的12小时在砸吧滋味。  如果猪猪的大胃王称号，人类一些超级吃货能媲美的话。那猪猪吃东西不择食这一点很多人类是做不到的。咱就不说猪猪吃塑料，报纸，木屑这一类，光一个吃屎人类能有几个做到的。    No3. 狗鼻子，顺风耳  猪猪的鼻子和耳朵是灰常灵敏的，尤其有了美食的加持，这项超能力更是霸气十足。一声不经意的塑料袋响，一抹难以察觉的暗香，甚至是你嘴里咀嚼的声音和嘴角不丁点的美食都逃脱不了猪猪的超级感官。这一点估计连天地无极，万里追踪哮天狗都自叹不如。  更可怕的是，猪猪甚至能闻到你脑袋里的想法，听到你内心的小情绪。你高兴了，他化身DJ为你啃笼伴奏随你大声尖叫。你不高兴，他摇身一变成浪漫诗人低吟着那首永远没个头的《咕咕啾啾》诗。    No4. 永远年轻的牙  猪猪永不停止生长的牙是多少人类梦寐以求的事，如果人类有了这项超能力，牙科医院直接倒闭，牙医下岗，那些可怕的拔牙工具直接扔进历史的坟墓。取而代之的是味道有点甜的苹果枝磨牙棒和粗啦啦的大块磨牙石。人类从杂食性进化为素食性，从而真正步入一个无杀戮处处祥和的乌托邦。    No5. 杀“人”不眨眼  杀“人”不眨眼是猪猪的必杀技，也是猪猪最常使用卖萌大招。当然这里说的“人”是纯粹的“牧草人”，小贝很荣幸的目睹过多次猪猪和“牧草人”之间的战斗，具体军报如下：   每当昼夜交替之际，猪猪们都会突然呆如木鸡，鼻子抽动，屏气凝神。这是“牧草人”即将入侵食盒的先兆。猪猪们一个个开始蓄势待发，摩拳擦掌，显得格外兴奋。  当猪猪们眼睁睁的看着“牧草人”从天而降入侵到食盒里时，心中忍耐许久的洪荒之力喷涌而出，他们打磨着自己尖锐的四齿钉口刃，似乎已经迫不及待的要和“牧草人”展开一场血雨腥风的较量。猪猪们直奔食盒一线战场，锋利的四齿钉口刃在“牧草人”间横穿直撞，“牧草人”逐个被切碎，磨烂。场面一度血腥到连打码都违规的境地，猪猪们的残暴显露无遗。  每只猪猪都享受着杀戮的快感，享受着“牧草人”死时那种尸首无存的刺激感。他们的眼直勾勾的看着每一个“牧草人”死前的痛苦表情，直到食盒再次恢复往日的洁净和详和。猪猪们这才哼着凯旋的曲调，回屋开始为下一场“牧草人”战役养精蓄锐。   猪猪不眨眼的超能力是老祖宗留下最保命的能力。作为一只疯狂杀戮的猪猪从来都不在乎眼睛干不干的事，只有杀不完的“人”，没有需要闭上的眼。  猪猪还有什么其他超能力？欢迎宠迷们补充。  【趣味互动】  关注同名公号，了解更多精彩内容哦~
蜜待鼯的市场价位一般多少，季节不同价位不一样的吗？,蜜袋鼯小东西呆萌可爱，萌确实不错。也越来越多的玩家去饲养他们 。但是新爸爸妈妈们，如果要入手，请做好准备它并不能像狗那般，与你真的成为一个相互陪伴的朋友。 物种天生习性，决定了小蜜很多习惯。 （玩家心声）  蜜待鼯有很多种颜色，当然价位也是不一样的，下面给大家说下普通蜜待鼯（灰白色）价格的一个变化。骨灰级卖家哈哈哈（仅供参考）下图为普通色：  蜜待鼯多少钱一只?蜜待鼯全年的一个变化！ 这里只说商家蜜，不说玩家蜜。玩家蜜价格全年没有变化，普遍很高。具体价格看主人心情。蜜待鼯在国内应该是还没有养殖场，如果有可能太小了，我不知道，哈哈！！市场上的蜜待鼯大部分是国外的，就几个货源，还是供不应求的。蜜待鼯一般市场价格就在五百到六百之间。冬天价格六百左右，反正我出售的没有超过六百的。夏天在五百左右。我出售的没有低与五百的。渍渍渍，竟说废话。。反正就是这个价格。因为蜜待鼯还没有兴起来，所以把有些宠物店一只能买到一千多。别花冤枉钱！！公的一般会比母的贵五十到一百块钱，具体多少哎懂特no。看老板心情。  蜜待鼯一般全年都是幼崽。也有大点的。下面说下蜜待鼯到家的一个饲养方法。 刚到家的蜜待鼯一般都会叫，不让抓。新环境害怕很正常。非常讨厌的就是有些玩家在群里给新手洗脑（对，是洗脑，不是建议）商家蜜到家咬人啊，不上手等！！可能是个傻子吧。  一般大多数的蜜袋鼯都是吃面包虫，水果或蔬菜，蜜袋鼯多数于吃偏向蛋白质类的食物（水煮蛋也可以，壳要剥干净），和偏甜的食物（水果类）。但水果蔬菜不能当主食，只能当零食，蜜袋鼯是很挑食的。 为了防止蜜袋鼯因为孤独而自残，必须给予多元化的食物，不定期更换新玩具和增长蜜袋鼯出笼游玩的时间有利于身体和心理的健康。或者为蜜袋鼯多一个玩伴也可以。  以上介绍了蜜待鼯的市场价位全年的一个变化以及蜜待鼯的饲养方法。希望可以帮助到大家。
2018，奈良鹿的反击！,据NHK电视台报道，2018年2月为止，已发生超过164起观光客在奈良被鹿攻击（包括咬或飞踢）的事件... ...相较于去年此时上升了46起。  其中，声称被奈良鹿攻击的人士中有79%是外国观光客，而这79%的受伤者中，有83%都是中国人。  官方调查发现，大部分奈良鹿攻击的原因是“观光客拿煎饼喂鹿时，为了要拍照，逗鹿的行为令它们非常不爽”所造成的。而奈良官方观光局方面也发布公告，希望游客在投喂鹿时，仔细观看注意事项，千万不要对鹿有太多的“动作”，要不然鹿发起怒来 ，也不是太... ...好玩的。  比如这样... ...  再比如... ... 那么，该如何正确给奈良鹿投食呢？   所谓野生动物，“野”是第一位的。奈良的鹿并不是人工圈养的，在奈良人的心中，鹿是神明的使者，因此跟它们共同生活，和平共处就好。作为野生动物的鹿，有自然的禀性，so~不能用对待家养宠物的那一套对待奈良的鹿们。  正确投喂小鹿参考建议如下：  投喂准备：购买鹿仙贝 请游客们务必不要给小鹿投喂除了鹿仙贝之外的东西，每年奈良都会有小鹿因为吃了不该吃的东西生病甚至死掉，非常可怜的。 购买了鹿仙贝之后不要直接拿在手上，在找到合适的投喂地点前先藏到包里，不然就可以现场体验一把釜山行feel……  找个开阔的投喂地 远离东大寺南大门区域！一定！切记！这里可是每年都会被鹿袭击的考点啊！这一片由于地形狭长，游客又多，不是九级以上专业喂鹿人士请不要挑战自我。在公园里随意找个开阔地带，小鹿们会瞬间变温和。  挑一只顺眼的小鹿，边走边喂 划重点是，不要拿出一大包鹿仙贝，然后站在那里不动喂小鹿，否则你在周边小鹿们眼中就是一盏灯塔，它们大家都只想向你奔来……一边慢慢走动一边喂，可以更好地控制投喂节奏。同时也不要一次性招惹数只小鹿，花心是要付出代价的……  喂完后可以给小鹿看你的空手 鹿仙贝喂完后，可以向小鹿们出示你空空的双手，它们会迅速放弃纠缠你，头也不回地走向下一站幸福。 在喂食过程中，如果有小鹿来抢食，也可以用手轻轻推开它，不要转身逃跑。相信自己，你的祖先可是征服了剑齿虎的。 除了以上几点，当然还有最重要的一点，就是心怀爱意，小鹿们是能感受到的。  另，所谓的鹿给人“鞠躬”，是它们发起攻击前的一种行动。低头是给人们展示强有力的鹿角，等同于它在表达“放下你手里的食物，赶紧消失”，鞠躬次数越频繁，不是说明这只鹿越有礼貌，而是表明它更加性急！  希望游客们都能遵守「科学喂养野生鹿守则」，从源头杜绝攻击！愿你们见到的鹿都是彬彬有礼、可爱可亲... ...哈利路亚... ... ―――――――――――――――――――――― 2018年全国巡回讲座报名详细咨询 ：http://www.coach-event.com/?url=ZMT 微博@行知学园日本
魔王松鼠幼崽饲养注意事项，养松鼠的新人要做哪些准备？,"魔王松鼠是一种啮齿类动物，产地去中国东北地区。大多数时间在树上活动。马上又快到了养松鼠的季节，下面给新手朋友们介绍魔王松鼠幼崽的饲养方法。新手养松鼠要做哪些准备。  先泼泼冷水！！因为以前因为以前发贴都是说魔王松鼠多么多么的可爱,多么多么的好,当自已喜欢一件事物时一般都会把缺点也当优点的,就像自家的孩子再丑也觉是最漂亮最可爱的. 可能有时会误导没有养魔王松鼠的朋友,只是看到好的一面没想到不负面的,一时冲动而养松鼠,没几天又出现弃鼠的可怕后果. 所以首先要聊聊魔王松鼠的”副做用吧!!”   味道 魔王松鼠和所有的宠物一样(电子宠物除外哈,)都会便便尿尿,因为是吃人间杂粮,自然会有味道.以前说过魔王松鼠味道很轻.但是因鼠因主人而异的,松鼠的便便几乎没有味道.但是尿尿是有味道的,而且是随着长大食物的改变也会改变,当然,味道不能避免,但是可以通过积极的清洁卫生来减轻滴.你要懒就没办法。 金钱. 魔王松鼠平均一只在二百到三百之间，还有笼,窝必须的.食物虽然小蜜吃的很少,但松鼠只吃一个核桃,我们也一样要算一个核桃的成本吧.还有瓜子,苹果^^^^^^^玩具啊^^^^^^支出可不会少,有没有准备好曼尼捏.????  家人(朋友)是否支持 要你一个人住问题还好.要是和家人住,或住宿舍,他们的支持同意是很重要滴.你爱一个宠物,身边的人却整天唠叨这个不好那个不行,最后会因宠物家庭不合同事反目,是不值得的,而且家人朋友的支持很重要,想想你总有个急事或什么特殊情况,有时要离开松鼠,这时,家人朋友就可以帮你照顾一阵.那可是雪中送炭也.所以,不要以为宠物是你的事,但有身边的人支持是大大的好的。。  想饲养好一只宠物，要全面的去了解它，对宠物负责也对自己负责。"
【YL宠缘】蜜袋鼯鼠好养吗？蜜袋鼯一年繁殖几次？,本文章由YL宠缘分享：蜜袋鼯鼠是有袋类动物，又有人把它叫做最小的袋鼠。 养蜜袋鼯作为宠物是一种新的时尚。蜜袋鼯喜欢晚上活动，白天睡觉，所以白天带着也来玩也很方便，这么时尚的小宠物，时尚的家庭都会想养，而养过蜜袋鼯的主人也会对它爱不释手。下面给大家分享下蜜袋鼯鼠的饲养。  蜜袋鼯鼠好养吗，新手玩家应该注意的那些事情。 蜜袋鼯是群居性动物，所以家庭里做为宠物来养又想养成的话，至少要两只一起来养，而刚出生的蜜袋鼯会自己爬到妈妈的袋子里去，所以不管蜜袋鼯一年繁殖几次，做为群居的动物，在家里养都是可以的。而蜜袋鼯属于杂食性的动物，对吃的要求不高，偏爱甜食和蛋白质高的食物，饲养起来并不困难。  小蜜会挑食。虽说是杂食性，但并不是喂什么就吃什么，所以必须要持续长时间，找出自己的小蜜到底喜欢吃什么。不要觉得麻烦，这可是关系小蜜身体的大事呀。小蜜会因缺钙以及蛋白质而营养不良，而且钙补过头也会造成小蜜身体出问题。 小蜜人工饲养可活8~15年。 如果可以陪伴他（她）到最后，当然是最好，这需要耐心爱心。你不觉得他（她）的寿命很短，其实就算我们平常的宠物，如猫和狗也差不多是这个时间。  蜜袋鼯一年繁殖几次？蜜袋鼯怀孕的时候应该注意的事情？ 家养的蜜袋鼯一年繁殖几次并不重要，目前喜欢着蜜袋鼯做为宠物的家庭并不多，这种很讨喜的小动物，在主人外出的时候也可以随身带着，对食物的要求也并不高，饲养并不麻烦。目前蜜袋鼯在家庭中还是传承了它们种族的特性，喜欢群居，爱吃甜食，只要注意到这些，养起来会容易很多。  蜜袋鼯怀孕的时候应该注意的事情 1、笼子里如果有轮子就要拿出来，以防雌性蜜袋鼯发生意外，或雌性蜜袋鼯玩跑轮小小蜜掉出来； 2、增加蛋白质、钙质，蛋白质成份不得低于25%，繁殖期时，最好高于50%； 3、随时提供清洁的饮水； 4、经常补充钙质及其他维他命、矿物质； 5、少给予高脂，多糖的食物； 6、避免一雄多雌、多雄少雌，防止出现其他雌性蜜袋鼯攻击伤害怀孕母蜜或蚕食幼蜜、雄性蜜袋鼯间占地盘争斗现象出现。 注：确保母蜜进食，不用增加幼蜜营养，HPW更换成怀孕时期的HPW，蛋白质提高可以通过增加面包虫、蜂拥等高蛋白食物的喂食数；营养不足，或太过年轻的母蜜可能造成遗弃宝宝的现象。  以上介绍了蜜袋鼯的繁殖，饲养中应该注意的文章。文章仅供参考，希望可以帮助到大家。
蜜袋鼯认主人吗，蜜袋鼯跟魔王松鼠哪个好样？,很多朋友再问蜜袋鼯跟魔王松鼠的区别，哪个更适合自己饲养。首先这个是两个不同的品种，习性饲养喂食都是不一样的。魔王松鼠属于啮齿类动物，蜜袋鼯属于有袋类。下面给大家讲一下蜜袋鼯跟魔王松鼠的详细饲养资料，至于哪个好样？个人感觉都不难。大家自己琢磨吧。  蜜袋鼯饲养应该注意的事情，蜜袋鼯认主人吗？ 蜜袋鼯是夜行性动物，接近草食性的杂食性动物，傍晚是最好的沉睡中的蜜袋鼯喂食时机。在自然环境下偏好带有甜味的食物，例如花朵、花蜜、花粉等，也吃树芽、树液、叶子、种子，而昆虫也是它们的食物来源之一。在人工饲育下，除了供应市售的饵食之外，可参照它们在自然环境下的食性，额外提供它们所喜好的水果及花蜜等甜食，做为食物来源补充。  蜜爸蜜妈们有一个共通的情况，就是都怕被小蜜抓或者咬，又或者小蜜的叫声太凄惨、不忍心等等…其实我想说，有哪个养小蜜是没有被它们抓或者咬过的呢？其实无论任何动物都会感觉到人类对它们的态度和情绪，如果一开始你怕了它们，它们会感觉到你的畏惧从而作出它们认为最有效的恐吓和攻击，所以如果想要训只乖乖的小蜜，首先必须要气场比它大，它不让你抓我就偏偏要抓，它叫得凄惨就让它叫，反正叫多几天它们就会乖乖认命，  蜜袋鼯跟魔王松鼠哪个好样？来听一下玩家的心声。 1.不要被小蜜的可爱迷惑，他性格急躁，爱攻击人，爱吵闹，聪明但不听话不好训练，还很贵。魔王很温顺，亲人，但不认生人，不如小蜜聪明但绝对听话，价格也便宜。我也养着魔王呢，白色的，很可爱。 2.魔王吧，散养没问题，因为我家就散养，不过你要看好，别让它啃电线。小蜜是夜行性的，半夜会抓笼子，影响休息的。我都养过，偏爱魔王。以前攒好久的钱买了只小蜜，结果被妈妈扔门外冻死了。。。悲催。。。现在养的魔王。我觉得吧，小蜜不认人，这点绝对不如魔王，我家魔王不让生人抱的。然后，小蜜夜晚特活跃，白天基本不起来。另外，无论它们中你选择哪一个，无论跟你多熟，外出一定要带牵引绳，切记。。。  蜜袋鼯是新型物种，外形更可爱一些，价格也比松鼠高一倍。养宠物也要考虑后期宠物的花销。如果是学生的话也要考虑是否有时间照顾。以上介绍了蜜袋鼯的饲养方法以及习性。至于想养蜜袋鼯还是魔王松鼠自己决定呀，不要一时兴起去购买它们。要做好照顾它一生的准备哦。
【泉城松鼠】宠物貂有哪些种类，又干净又好养的宠物。,流行的宠物貂有哪些种类，很多朋友已经被宠物貂的外表萌到，那么国内常见宠物貂有哪些种类？一般正规的宠物貂都会拥有护照芯片。安格鲁宠物貂是国内最常见最正规的一种。宠物貂应该如何饲养呢，给大家详细的介绍。  如何饲养宠物貂？ 现在市面上的宠物貂都是经过专门的饲养和培育出来专作为宠物的。我可以很直白告诉你雪貂很适合作为家养宠物。可能比猫狗还适合。因为它们的智商最高可达到人类4岁水平，并且寿命也是可以达到10几年。关键是不会吵闹，不用遛，会自己上厕所，少疾病。 宠物貂都是正规养殖的，宠物店是不能进行培育的，因为每只出产的貂都要进行除臭腺和绝育手术。现在宠物貂有三个牌子：玛雪儿，安哥鲁，派斯威力（已退出中国市场）。其中玛雪儿价格略贵于其他两个，因为玛雪儿的培育历史已经有70多年，对于貂来说相当于一段进化史了。  宠物貂有哪些种类?如何避免买到假貂？ 宠物貂国内之后马雪儿跟安格鲁宠物貂。正规的宠物貂都会有护照芯片。总公司统一售价，千万不要贪便宜，前些天貂还有出现假证的情况。所以购买的售后一定要从官网查询好。正规貂都不会咬人，而毛皮貂就不一样了野性大，毛皮貂就是水貂，貂皮大衣的材料，颜色单一，很好区分。  安格鲁宠物貂非常适合家庭饲养的小宠物，智商相当于两岁的孩子，非常聪明。不乱叫，可以定点上厕所。貂的生活需求。笼子你肯定是要了，新手不适合放养。夏天最好开空调或风扇将温度保存在25度左右。一般情况下只要保持生活环境通风，不被阳光暴晒，是对雪貂生命和健康没有威胁的。专卖店和淘宝也有卖貂夏日用的冰屋。  以上给大家介绍了国内宠物貂的两个品种以及宠物貂的饲养。希望可以帮助到新手朋友。
【泉城松鼠】如何饲养红腹松鼠幼崽，红腹松鼠多少钱一只？,越来越多的宝宝们有了自己的小宠物，除了那些可爱的小猫小狗，好多人也选择养一些特别的宠物，比如养一只可爱的小松鼠。但是对于新手宝宝们来说如何饲养这只可爱的小松鼠是一个关键的问题。那么想要养好红腹松鼠有什么技术呢？下面就由我拉为大家介绍一下红腹松鼠的饲养方法以及红腹松鼠多少钱一只希望可以帮到大家。  红腹松鼠别称赤腹松鼠、虾夷松鼠等，属于啮齿动物。首先说一下松鼠的喂食，红腹松鼠的食性较杂，通常坐着进食，以前足送食入口。红腹松鼠不怎么挑食， 胡桃、栗子等坚果是松鼠的最爱，咬开坚硬的外壳，对松鼠不但是游戏，也可以帮忙磨耗牙齿。最好经常喂食这类食物。如果以人工饲料为主食，还应另外补充苹果等食物。还可以喂些瓜子、水果、胡萝卜、白菜等，如果懒得准备吃的，可以买现成的鹦鹉粮，因为鹦鹉粮的成分和松鼠需要的营养差不多。还有重要的一点，因为红腹松鼠属于啮齿类动物，所以他的门牙会不断生长，因此和养仓鼠一样要给松鼠准备点磨牙的东西，不然就容易得各种很惨的牙病，甚至会因此死掉。  在一个就是关于红腹松鼠的生活环境，红腹松鼠适宜在20～30℃下生存，温度超过30℃就会中暑甚至死亡，在炎热的夏季要做好降暑的措施，冬天在野外会冬眠，但在温暖的家里则没有冬眠的必要。红腹松鼠饲养的时候要保持笼舍的清洁卫生，每天早晨喂食前进行清扫，饲养用具要定期消毒，每周至少要进行一次沙浴，每次沙浴20～30分钟左右。红腹松鼠极其好动，喜欢在树上来回乱窜，要给准备足够大的运动空间，最好还有个仓鼠轮之类的东西让其发泄旺盛的精力，即使这样还得经常放出来溜溜。   最后再给大家简单说一下红腹松鼠不能喂的一些东西，。不宜生吃的蔬菜：胡萝卜，土豆，豆角类，姜葱蒜，辣椒等。不宜多吃的果蔬：白菜，油菜，生菜，莴笋，藕，黄瓜，西红柿，茄子，香蕉，橘子，西瓜，梨等。 不宜吃腌制的干果，果脯，未成熟或加工后的坚果类，不易消化。饮料，尤其是碳酸饮料。不宜食用昆虫，虽然昆虫有营养，食用后会增加松鼠的野性。可以吃但是要少吃。   希望宝宝们都能养好自己的小可爱哦~
